T_ID,YEAR,ERA
HH,2016,7.394904458598726
HH,2016,4.764705882352941
HH,2016,5.0107361963190185
HH,2016,6.4125
HH,2016,7.609872611464968
HH,2016,4.642533936651584
HH,2016,5.0107361963190185
HH,2016,7.4025356576862125
HH,2016,4.683257918552036
HH,2016,5.383435582822085
HH,2016,6.71850699844479
HH,2016,4.830275229357798
HH,2016,5.383435582822085
HH,2016,6.520123839009288
HH,2016,4.706422018348624
HH,2016,5.507668711656441
HH,2016,5.963190184049079
HH,2016,4.622727272727273
HH,2016,5.962674961119751
HH,2016,5.812213740458015
HH,2016,4.745454545454545
HH,2016,5.7947122861586315
HH,2016,5.729770992366412
HH,2016,4.890410958904109
HH,2016,5.668740279937792
HH,2016,5.6061068702290076
HH,2016,4.726027397260274
HH,2016,5.7375
HH,2016,5.5143721633888045
HH,2016,4.830275229357798
HH,2016,5.6953125
HH,2016,5.367469879518072
HH,2016,4.912844036697248
HH,2016,5.9484375
HH,2016,5.221889055472263
HH,2016,4.871559633027523
HH,2016,5.9484375
HH,2016,5.261329305135952
HH,2016,4.726027397260274
HH,2016,6.1171875
HH,2016,4.853474320241692
HH,2016,4.890410958904109
HH,2016,5.90625
HH,2016,4.7719033232628405
HH,2016,4.998482549317147
HH,2016,5.943396226415095
HH,2016,5.098187311178248
HH,2016,4.629742033383915
HH,2016,6.15566037735849
HH,2016,5.292496171516079
HH,2016,4.5477996965098635
HH,2016,6.283018867924528
HH,2016,4.63093415007657
HH,2016,4.465857359635812
HH,2016,6.834905660377358
HH,2016,4.628571428571429
HH,2016,4.735384615384616
HH,2016,6.622641509433962
HH,2016,4.3991031390134525
HH,2016,4.837672281776417
HH,2016,6.557142857142857
HH,2016,4.197309417040358
HH,2016,5.1271056661562024
HH,2016,6.257142857142857
HH,2016,4.358744394618834
HH,2016,5.150769230769231
HH,2016,6.3
HH,2016,4.237668161434978
HH,2016,5.491525423728813
HH,2016,6.118858954041204
HH,2016,4.45945945945946
HH,2016,5.176380368098159
HH,2016,6.332805071315372
HT,2016,5.289968652037618
HT,2016,5.5514018691588785
HT,2016,4.779503105590062
HT,2016,5.957746478873239
HT,2016,5.570078740157481
HT,2016,5.677570093457944
HT,2016,4.632148377125193
HT,2016,5.9102362204724415
HT,2016,5.661971830985915
HT,2016,4.486153846153846
HT,2016,5.332288401253919
HT,2016,5.719626168224299
HT,2016,4.653726708074534
HT,2016,5.41692789968652
HT,2016,5.4837209302325585
HT,2016,4.90527950310559
HT,2016,5.476415094339623
HT,2016,5.291666666666667
HT,2016,5.349453978159127
HT,2016,5.3915094339622645
HT,2016,5.5
HT,2016,5.586206896551724
HT,2016,5.136792452830188
HT,2016,5.7323076923076925
HT,2016,5.518867924528302
HT,2016,5.264150943396227
HT,2016,5.649230769230769
HT,2016,5.713166144200628
HT,2016,5.688679245283019
HT,2016,5.4992343032159265
HT,2016,5.52755905511811
HT,2016,5.731132075471698
HT,2016,5.25114854517611
HT,2016,5.52755905511811
HT,2016,5.830985915492958
HT,2016,5.209800918836141
HT,2016,5.4
HT,2016,5.677570093457944
HT,2016,4.796324655436448
HT,2016,5.570078740157481
HT,2016,5.441860465116279
HT,2016,5.026153846153846
HT,2016,5.366197183098592
HT,2016,5.593457943925234
HT,2016,5.067692307692308
HT,2016,5.341121495327103
HT,2016,5.509345794392523
HT,2016,5.026153846153846
HT,2016,5.172897196261682
HT,2016,5.677570093457944
HT,2016,4.984615384615385
HT,2016,5.341121495327103
HT,2016,6.350467289719626
HT,2016,4.56923076923077
HT,2016,5.535211267605634
HT,2016,6.195348837209302
HT,2016,4.486153846153846
HT,2016,5.619718309859155
HT,2016,6.195348837209302
HT,2016,4.486153846153846
HT,2016,5.704225352112676
HT,2016,5.651162790697675
HT,2016,4.610769230769231
HT,2016,5.704225352112676
HT,2016,5.358139534883721
HT,2016,4.776923076923077
HT,2016,5.746478873239437
HT,2016,5.065116279069767
HT,2016,4.735384615384616
HT,2016,5.957746478873239
HT,2016,5.221698113207547
HT,2016,4.818461538461539
HT,2016,5.957746478873239
KT,2016,5.666666666666667
KT,2016,6.138248847926267
KT,2016,7.130434782608695
KT,2016,5.736421725239617
KT,2016,5.902325581395349
KT,2016,6.027522935779817
KT,2016,7.339805825242719
KT,2016,5.818604651162791
KT,2016,6.205479452054795
KT,2016,7.296116504854369
KT,2016,5.541666666666667
KT,2016,6.275229357798165
KT,2016,7.383495145631068
KT,2016,5.1192660550458715
KT,2016,6.613953488372093
KT,2016,7.470873786407767
KT,2016,5.614678899082569
KT,2016,6.32093023255814
KT,2016,7.5512195121951216
KT,2016,5.284403669724771
KT,2016,6.488372093023256
KT,2016,7.455882352941177
KT,2016,5.490825688073395
KT,2016,6.362790697674418
KT,2016,7.411764705882353
KT,2016,5.383561643835616
KT,2016,6.655813953488372
KT,2016,7.102941176470588
KT,2016,5.236363636363636
KT,2016,6.906976744186046
KT,2016,7.235294117647059
KT,2016,5.125560538116592
KT,2016,7.6350710900473935
KT,2016,6.9365853658536585
KT,2016,5.148648648648648
KT,2016,7.514150943396227
KT,2016,7.2
KT,2016,5.614678899082569
KT,2016,7.1745283018867925
KT,2016,7.558252427184466
KT,2016,5.36697247706422
KT,2016,7.1745283018867925
KT,2016,7.770731707317073
KT,2016,5.284403669724771
KT,2016,7.514150943396227
KT,2016,7.287804878048781
KT,2016,5.599078341013825
KT,2016,7.089622641509434
KT,2016,7.287804878048781
KT,2016,5.325688073394495
KT,2016,7.507109004739337
KT,2016,6.684466019417476
KT,2016,5.609302325581395
KT,2016,7.328571428571428
KT,2016,6.422330097087379
KT,2016,5.929906542056075
KT,2016,7.242857142857143
KT,2016,6.173913043478261
KT,2016,5.734883720930233
KT,2016,7.542857142857143
KT,2016,5.913043478260869
KT,2016,5.25
KT,2016,7.585714285714285
KT,2016,6.260869565217392
KT,2016,5.284403669724771
KT,2016,7.363636363636363
KT,2016,6.247572815533981
KT,2016,5.764976958525345
KT,2016,7.1913875598086126
KT,2016,6.183870967741936
KT,2016,6.055299539170507
KT,2016,7.225961538461538
KT,2016,5.807383627608347
LG,2016,4.715610510046368
LG,2016,5.584758942457231
LG,2016,5.5514018691588785
LG,2016,5.4
LG,2016,4.653726708074534
LG,2016,5.7375
LG,2016,5.274418604651163
LG,2016,4.486024844720497
LG,2016,5.8640625
LG,2016,4.916666666666667
LG,2016,4.632148377125193
LG,2016,5.764521193092621
LG,2016,4.811059907834101
LG,2016,4.403076923076923
LG,2016,6.023400936037442
LG,2016,4.423493044822257
LG,2016,4.153846153846154
LG,2016,5.897035881435258
LG,2016,4.506955177743431
LG,2016,4.147465437788019
LG,2016,5.990625
LG,2016,4.423493044822257
LG,2016,3.9815668202764978
LG,2016,6.2015625
LG,2016,4.486024844720497
LG,2016,4.195384615384616
LG,2016,6.234009360374415
LG,2016,4.464898595943838
LG,2016,4.527692307692308
LG,2016,6.0655226209048365
LG,2016,4.380655226209049
LG,2016,4.361538461538462
LG,2016,6.178683385579937
LG,2016,4.569875776397516
LG,2016,4.527692307692308
LG,2016,6.250393700787402
LG,2016,4.548686244204019
LG,2016,4.548686244204019
LG,2016,6.633070866141733
LG,2016,4.256568778979908
LG,2016,4.715610510046368
LG,2016,6.633070866141733
LG,2016,4.108695652173913
LG,2016,4.632148377125193
LG,2016,6.590551181102363
LG,2016,4.318322981366459
LG,2016,4.90527950310559
LG,2016,6.644200626959248
LG,2016,3.9227202472952087
LG,2016,4.989130434782609
LG,2016,6.486739469578783
LG,2016,4.569875776397516
LG,2016,5.0077279752704795
LG,2016,6.27613104524181
LG,2016,4.653726708074534
LG,2016,5.003062787136294
LG,2016,6.094043887147336
LG,2016,4.695652173913044
LG,2016,4.897865853658537
LG,2016,6.263322884012539
LG,2016,4.569875776397516
LG,2016,5.044410413476264
LG,2016,5.9484375
LG,2016,4.813953488372093
LG,2016,5.046728971962617
LG,2016,6.0
LG,2016,4.93953488372093
LG,2016,5.208333333333333
LG,2016,5.886255924170616
LG,2016,5.130841121495327
LG,2016,5.333333333333333
LG,2016,5.845794392523365
LG,2016,5.075829383886256
LT,2016,6.6521739130434785
LT,2016,5.6953125
LT,2016,5.869565217391305
LT,2016,5.314285714285714
LT,2016,6.521739130434782
LT,2016,5.653125
LT,2016,5.785714285714286
LT,2016,6.304347826086956
LT,2016,5.878693623639191
LT,2016,5.6021840873634945
LT,2016,6.157894736842105
LT,2016,6.400313971742543
LT,2016,5.53416149068323
LT,2016,6.214285714285714
LT,2016,6.558359621451104
LT,2016,5.7437888198757765
LT,2016,6.056872037914692
LT,2016,6.175078864353312
LT,2016,5.785714285714286
LT,2016,6.312796208530806
LT,2016,6.328125
LT,2016,5.501567398119122
LT,2016,6.398104265402844
LT,2016,6.496874999999999
LT,2016,5.37460815047022
LT,2016,6.214285714285714
LT,2016,6.4125
LT,2016,5.37460815047022
LT,2016,5.770334928229665
LT,2016,6.67651632970451
LT,2016,5.14488188976378
LT,2016,6.114832535885167
LT,2016,6.36517719568567
LT,2016,5.3913738019169335
LT,2016,5.9049128367670365
LT,2016,6.530232558139535
LT,2016,5.460674157303371
LT,2016,5.94770206022187
LT,2016,6.375
LT,2016,5.305111821086262
LT,2016,6.118858954041204
LT,2016,6.166666666666667
LT,2016,5.60702875399361
LT,2016,6.332805071315372
LT,2016,5.764976958525345
LT,2016,5.623211446740859
LT,2016,6.600946372239747
LT,2016,5.490825688073395
LT,2016,5.52076677316294
LT,2016,6.643533123028391
LT,2016,5.655963302752293
LT,2016,5.348242811501597
LT,2016,5.962145110410094
LT,2016,5.9036697247706424
LT,2016,5.132587859424921
LT,2016,6.118858954041204
LT,2016,5.655963302752293
LT,2016,5.477635782747604
LT,2016,6.118858954041204
LT,2016,5.682027649769585
LT,2016,5.865814696485623
LT,2016,6.320063694267516
LT,2016,5.95405819295559
LT,2016,5.511961722488039
LT,2016,6.204437400950871
LT,2016,6.009273570324575
LT,2016,5.442857142857143
LT,2016,6.0760697305863705
LT,2016,5.758887171561051
LT,2016,5.502369668246446
LT,2016,5.962145110410094
LT,2016,5.800618238021639
LT,2016,5.331753554502369
NC,2016,4.47926267281106
NC,2016,5.059907834101383
NC,2016,5.057142857142857
NC,2016,5.086342229199372
NC,2016,4.354838709677419
NC,2016,5.25
NC,2016,4.9635499207606975
NC,2016,4.56221198156682
NC,2016,5.358139534883721
NC,2016,4.641955835962145
NC,2016,4.52073732718894
NC,2016,5.693023255813953
NC,2016,4.514195583596214
NC,2016,4.6036866359447
NC,2016,5.651162790697675
NC,2016,4.8974763406940065
NC,2016,4.52073732718894
NC,2016,5.651162790697675
NC,2016,4.982649842271293
NC,2016,4.376146788990826
NC,2016,5.776744186046511
NC,2016,5.049128367670364
NC,2016,4.58256880733945
NC,2016,5.609302325581395
NC,2016,4.9635499207606975
NC,2016,4.706422018348624
NC,2016,5.441860465116279
NC,2016,5.37420382165605
NC,2016,4.747706422018348
NC,2016,5.5514018691588785
NC,2016,5.134706814580031
NC,2016,4.730232558139535
NC,2016,5.5514018691588785
NC,2016,5.134706814580031
NC,2016,4.541666666666667
NC,2016,5.593457943925234
NC,2016,5.305863708399366
NC,2016,4.271889400921659
NC,2016,5.677570093457944
NC,2016,5.177496038034865
NC,2016,4.47926267281106
NC,2016,5.788732394366197
NC,2016,5.091917591125198
NC,2016,4.313364055299539
NC,2016,5.661971830985915
NC,2016,5.177496038034865
NC,2016,4.295454545454546
NC,2016,5.7
NC,2016,5.177496038034865
NC,2016,4.172727272727273
NC,2016,5.828571428571428
NC,2016,4.835182250396196
NC,2016,4.418181818181818
NC,2016,5.914285714285715
NC,2016,4.5784469096671945
NC,2016,4.684931506849315
NC,2016,5.357142857142857
NC,2016,4.874411302982732
NC,2016,4.954128440366972
NC,2016,5.4
NC,2016,4.6828125
NC,2016,4.871559633027523
NC,2016,5.4
NC,2016,4.809375
NC,2016,4.728110599078341
NC,2016,5.442857142857143
NC,2016,4.576982892690513
NC,2016,4.645161290322581
NC,2016,5.314285714285714
NC,2016,4.89375
NC,2016,4.7695852534562215
NC,2016,5.331753554502369
NC,2016,5.001569858712716
OB,2016,5.290824261275272
OB,2016,3.729984301412873
OB,2016,5.4672897196261685
OB,2016,4.271889400921659
OB,2016,5.500777604976672
OB,2016,3.899529042386185
OB,2016,5.383177570093458
OB,2016,5.56875
OB,2016,3.796875
OB,2016,5.557603686635945
OB,2016,5.476415094339623
OB,2016,3.6531881804043542
OB,2016,5.75
OB,2016,5.221698113207547
OB,2016,3.863141524105754
OB,2016,5.944186046511628
OB,2016,5.264150943396227
OB,2016,3.6531881804043542
OB,2016,6.195348837209302
OB,2016,4.5424528301886795
OB,2016,4.157076205287714
OB,2016,5.8604651162790695
OB,2016,4.287735849056604
OB,2016,4.3467492260061915
OB,2016,6.140186915887851
OB,2016,4.350710900473934
OB,2016,4.701078582434515
OB,2016,5.635514018691588
OB,2016,4.330188679245283
OB,2016,4.742681047765793
OB,2016,5.5514018691588785
OB,2016,4.287735849056604
OB,2016,4.890092879256966
OB,2016,5.274418604651163
OB,2016,4.669811320754717
OB,2016,4.618973561430793
OB,2016,5.166666666666667
OB,2016,4.626168224299065
OB,2016,4.577708006279435
OB,2016,5.208333333333333
OB,2016,4.710280373831775
OB,2016,4.577708006279435
OB,2016,5.083333333333333
OB,2016,4.668224299065421
OB,2016,4.620094191522763
OB,2016,5.083333333333333
OB,2016,4.710280373831775
OB,2016,4.577708006279435
OB,2016,5.083333333333333
OB,2016,4.605633802816901
OB,2016,4.874411302982732
OB,2016,4.811059907834101
OB,2016,4.47887323943662
OB,2016,4.916797488226059
OB,2016,5.1013824884792625
OB,2016,4.079439252336448
OB,2016,4.916797488226059
OB,2016,5.284403669724771
OB,2016,3.911214953271028
OB,2016,5.280757097791798
OB,2016,5.095890410958904
OB,2016,3.869158878504673
OB,2016,5.305863708399366
OB,2016,4.868181818181818
OB,2016,3.971830985915493
OB,2016,5.3999999999999995
OB,2016,4.728110599078341
OB,2016,4.140845070422535
OB,2016,5.6109374999999995
OB,2016,4.313364055299539
OB,2016,4.323390894819466
OB,2016,5.509345794392523
OB,2016,4.313364055299539
SK,2016,5.152996845425867
SK,2016,4.285714285714286
SK,2016,5.391575663026521
SK,2016,5.64622641509434
SK,2016,5.4770206022187
SK,2016,3.9668246445497632
SK,2016,5.6021840873634945
SK,2016,5.152996845425867
SK,2016,4.052132701421801
SK,2016,5.6021840873634945
SK,2016,5.049128367670364
SK,2016,4.308056872037914
SK,2016,5.324534161490684
SK,2016,5.202229299363057
SK,2016,4.160377358490566
SK,2016,5.450310559006211
SK,2016,5.0976
SK,2016,4.309859154929577
SK,2016,5.408385093167702
SK,2016,5.1408
SK,2016,4.668224299065421
SK,2016,5.054602184087364
SK,2016,5.3568
SK,2016,4.58411214953271
SK,2016,5.180967238689548
SK,2016,5.260869565217392
SK,2016,4.58411214953271
SK,2016,5.265210608424337
SK,2016,5.0
SK,2016,4.542056074766355
SK,2016,5.223088923556943
SK,2016,4.956521739130435
SK,2016,4.373831775700935
SK,2016,5.349453978159127
SK,2016,5.173913043478261
SK,2016,4.186046511627907
SK,2016,5.37460815047022
SK,2016,5.4951923076923075
SK,2016,3.8990683229813667
SK,2016,5.450704225352113
SK,2016,5.038277511961723
SK,2016,3.9829192546583854
SK,2016,5.816037735849057
SK,2016,5.08133971291866
SK,2016,4.024844720496895
SK,2016,5.900943396226415
SK,2016,5.124401913875598
SK,2016,4.085803432137285
SK,2016,6.084507042253521
SK,2016,5.038277511961723
SK,2016,4.358934169278997
SK,2016,6.098130841121495
SK,2016,4.8
SK,2016,4.569875776397516
SK,2016,5.957746478873239
SK,2016,5.038277511961723
SK,2016,4.506955177743431
SK,2016,5.731132075471698
SK,2016,5.185714285714286
SK,2016,4.298299845440495
SK,2016,6.014218009478673
SK,2016,5.033175355450237
SK,2016,4.465224111282844
SK,2016,5.971563981042654
SK,2016,4.885714285714286
SK,2016,4.611801242236025
SK,2016,5.731132075471698
SK,2016,4.8428571428571425
SK,2016,5.096723868954759
SK,2016,5.433962264150943
SK,2016,4.328571428571428
SK,2016,5.517940717628705
SK,2016,5.349056603773585
SS,2016,5.693023255813953
SS,2016,5.986046511627907
SS,2016,5.070229007633587
SS,2016,6.214285714285714
SS,2016,5.609302325581395
SS,2016,6.227554179566563
SS,2016,5.243119266055046
SS,2016,5.677570093457944
SS,2016,6.1344667697063375
SS,2016,5.350609756097561
SS,2016,5.845794392523365
SS,2016,6.166666666666667
SS,2016,5.466257668711656
SS,2016,5.764976958525345
SS,2016,6.211267605633803
SS,2016,5.590490797546012
SS,2016,5.847926267281106
SS,2016,6.338028169014085
SS,2016,5.3420245398773005
SS,2016,5.708333333333333
SS,2016,6.5260663507109005
SS,2016,5.3999999999999995
SS,2016,5.791666666666667
SS,2016,6.392523364485982
SS,2016,5.5170278637770895
SS,2016,5.708333333333333
SS,2016,6.224299065420561
SS,2016,5.283513097072419
SS,2016,5.944186046511628
SS,2016,5.944186046511628
SS,2016,5.283513097072419
SS,2016,5.593457943925234
SS,2016,6.25
SS,2016,5.18266253869969
SS,2016,5.635514018691588
SS,2016,6.192660550458716
SS,2016,5.2734375
SS,2016,5.5514018691588785
SS,2016,6.096774193548387
SS,2016,5.332814930015552
SS,2016,5.619718309859155
SS,2016,6.055299539170507
SS,2016,5.484375
SS,2016,6.084507042253521
SS,2016,5.640552995391705
SS,2016,5.467817896389325
SS,2016,6.126760563380282
SS,2016,5.533127889060093
SS,2016,5.450704225352113
SS,2016,6.126760563380282
SS,2016,5.533127889060093
SS,2016,5.535211267605634
SS,2016,5.929906542056075
SS,2016,5.308049535603715
SS,2016,5.788732394366197
SS,2016,5.609302325581395
SS,2016,5.391640866873065
SS,2016,5.619718309859155
SS,2016,5.845794392523365
SS,2016,5.24191063174114
SS,2016,5.408450704225352
SS,2016,5.915492957746479
SS,2016,5.383435582822085
SS,2016,5.619718309859155
SS,2016,5.535211267605634
SS,2016,5.43267776096823
SS,2016,6.171428571428572
SS,2016,5.425233644859813
SS,2016,5.53951367781155
SS,2016,5.971563981042654
SS,2016,5.8604651162790695
SS,2016,5.235114503816794
SS,2016,6.128571428571429
WO,2016,4.606635071090047
WO,2016,5.803738317757009
WO,2016,5.039453717754173
WO,2016,4.58411214953271
WO,2016,4.734597156398104
WO,2016,5.803738317757009
WO,2016,5.039453717754173
WO,2016,4.9052132701421804
WO,2016,5.845794392523365
WO,2016,5.080424886191199
WO,2016,5.374407582938389
WO,2016,5.5514018691588785
WO,2016,5.039453717754173
WO,2016,5.179245283018868
WO,2016,5.719626168224299
WO,2016,4.87556904400607
WO,2016,5.009433962264151
WO,2016,5.833333333333333
WO,2016,4.713629402756508
WO,2016,5.118483412322274
WO,2016,5.806451612903226
WO,2016,4.548238897396631
WO,2016,5.271428571428571
WO,2016,5.682027649769585
WO,2016,4.629742033383915
WO,2016,5.7272727272727275
WO,2016,5.4495412844036695
WO,2016,4.5887708649468895
WO,2016,5.535211267605634
WO,2016,5.4
WO,2016,4.815548780487805
WO,2016,5.28169014084507
WO,2016,5.609302325581395
WO,2016,4.837672281776417
WO,2016,4.816901408450704
WO,2016,5.776744186046511
WO,2016,4.63093415007657
WO,2016,4.859154929577465
WO,2016,5.8604651162790695
WO,2016,4.300153139356815
WO,2016,5.154929577464789
WO,2016,5.651162790697675
WO,2016,4.258805513016846
WO,2016,5.070422535211268
WO,2016,5.986046511627907
WO,2016,4.0520673813169985
WO,2016,5.179245283018868
WO,2016,5.75
WO,2016,4.134762633996937
WO,2016,5.197183098591549
WO,2016,5.708333333333333
WO,2016,3.96937212863706
WO,2016,5.366197183098592
WO,2016,5.664624808575804
WO,2016,4.0
WO,2016,5.4672897196261685
WO,2016,5.457886676875957
WO,2016,4.291666666666667
WO,2016,5.4672897196261685
WO,2016,5.607692307692308
WO,2016,4.2304147465437785
WO,2016,5.299065420560748
WO,2016,5.7323076923076925
WO,2016,4.188940092165899
WO,2016,5.408450704225352
WO,2016,5.4992343032159265
WO,2016,4.375
WO,2016,5.274418604651163
WO,2016,5.275384615384616
WO,2016,4.541666666666667
WO,2016,5.341121495327103
WO,2016,5.359090909090909
WO,2016,4.422776911076443
HH,2017,4.9245283018867925
HH,2017,5.731132075471698
HH,2017,6.910969793322735
HH,2017,4.222748815165877
HH,2017,4.754716981132075
HH,2017,5.731132075471698
HH,2017,7.202875399361023
HH,2017,4.669811320754717
HH,2017,5.788732394366197
HH,2017,7.150882825040129
HH,2017,4.5
HH,2017,5.915492957746479
HH,2017,7.4467741935483875
HH,2017,4.563981042654029
HH,2017,5.873239436619718
HH,2017,7.27258064516129
HH,2017,4.4575471698113205
HH,2017,5.788732394366197
HH,2017,7.490322580645161
HH,2017,4.627358490566038
HH,2017,5.900943396226415
HH,2017,7.533870967741936
HH,2017,4.797169811320755
HH,2017,6.14218009478673
HH,2017,7.237560192616373
HH,2017,4.691943127962086
HH,2017,6.355450236966824
HH,2017,6.814696485623004
HH,2017,4.757142857142857
HH,2017,6.113207547169812
HH,2017,6.728434504792332
HH,2017,5.057142857142857
HH,2017,5.985645933014354
HH,2017,6.75
HH,2017,5.014285714285714
HH,2017,6.056872037914692
HH,2017,6.814696485623004
HH,2017,5.314285714285714
HH,2017,6.099526066350711
HH,2017,6.587479935794543
HH,2017,5.459715639810427
HH,2017,5.928909952606635
HH,2017,6.630818619582665
HH,2017,5.630331753554502
HH,2017,5.943396226415095
HH,2017,6.327447833065811
HH,2017,5.7
HH,2017,6.253521126760563
HH,2017,5.980738362760835
HH,2017,5.800947867298579
HH,2017,6.0
HH,2017,5.850722311396469
HH,2017,5.587677725118484
HH,2017,6.367924528301887
HH,2017,5.7674050632911396
HH,2017,5.4170616113744074
HH,2017,6.95260663507109
HH,2017,5.05984251968504
HH,2017,5.459715639810427
HH,2017,7.006329113924051
HH,2017,4.9052132701421804
HH,2017,5.203791469194313
HH,2017,7.082670906200319
HH,2017,4.649289099526066
HH,2017,5.306603773584905
HH,2017,6.728434504792332
HH,2017,4.691943127962086
HH,2017,5.4170616113744074
HH,2017,6.610492845786964
HH,2017,4.777251184834123
HH,2017,5.587677725118484
HH,2017,6.75
HH,2017,4.308056872037914
HT,2017,4.357466063348416
HT,2017,5.4421875
HT,2017,4.52054794520548
HT,2017,5.322734499205088
HT,2017,4.376146788990826
HT,2017,5.315625
HT,2017,4.623853211009174
HT,2017,4.05
HT,2017,5.365930599369085
HT,2017,5.077981651376147
HT,2017,4.213636363636364
HT,2017,5.110410094637224
HT,2017,5.160550458715596
HT,2017,4.254545454545455
HT,2017,5.280757097791798
HT,2017,5.184331797235023
HT,2017,4.131818181818182
HT,2017,5.1287284144427
HT,2017,5.142857142857143
HT,2017,4.293577981651376
HT,2017,5.134706814580031
HT,2017,5.113636363636363
HT,2017,4.534351145038168
HT,2017,5.142857142857143
HT,2017,4.909090909090909
HT,2017,4.534351145038168
HT,2017,5.813397129186603
HT,2017,4.527190332326284
HT,2017,4.369465648854962
HT,2017,5.942583732057416
HT,2017,4.7719033232628405
HT,2017,4.410687022900763
HT,2017,6.114832535885167
HT,2017,4.527190332326284
HT,2017,4.6167938931297705
HT,2017,5.985645933014354
HT,2017,4.4864048338368585
HT,2017,4.759878419452887
HT,2017,5.871428571428571
HT,2017,4.445121951219512
HT,2017,4.720858895705521
HT,2017,5.871428571428571
HT,2017,4.506891271056662
HT,2017,4.822900763358779
HT,2017,5.672985781990521
HT,2017,4.943076923076923
HT,2017,4.909090909090909
HT,2017,5.742857142857143
HT,2017,5.003062787136294
HT,2017,5.033898305084746
HT,2017,5.828571428571428
HT,2017,5.003062787136294
HT,2017,5.24191063174114
HT,2017,5.614285714285714
HT,2017,5.067692307692308
HT,2017,5.075500770416024
HT,2017,5.5285714285714285
HT,2017,5.1923076923076925
HT,2017,5.491525423728813
HT,2017,4.9714285714285715
HT,2017,5.258114374034004
HT,2017,5.449922958397535
HT,2017,5.118483412322274
HT,2017,5.198757763975156
HT,2017,5.283513097072419
HT,2017,5.197183098591549
HT,2017,4.993730407523511
HT,2017,5.34984520123839
HT,2017,5.0046728971962615
HT,2017,5.163009404388715
HT,2017,5.416796267496112
HT,2017,4.830275229357798
HT,2017,5.236883942766296
KT,2017,4.947867298578199
KT,2017,7.3872
KT,2017,6.058536585365854
KT,2017,6.240770465489567
KT,2017,5.4
KT,2017,7.128
KT,2017,6.160194174757281
KT,2017,5.555023923444976
KT,2017,6.8256
KT,2017,6.466019417475728
KT,2017,5.555023923444976
KT,2017,6.6210191082802545
KT,2017,6.541463414634146
KT,2017,5.770334928229665
KT,2017,6.696
KT,2017,6.29126213592233
KT,2017,6.07177033492823
KT,2017,6.6528
KT,2017,6.029126213592233
KT,2017,5.871428571428571
KT,2017,6.6185064935064934
KT,2017,5.971153846153846
KT,2017,5.7156398104265405
KT,2017,6.959216965742251
KT,2017,5.884615384615385
KT,2017,6.3428571428571425
KT,2017,6.474714518760195
KT,2017,6.07177033492823
KT,2017,6.312796208530806
KT,2017,6.915171288743882
KT,2017,5.581730769230769
KT,2017,6.5260663507109005
KT,2017,6.871125611745514
KT,2017,5.538461538461538
KT,2017,6.612244897959183
KT,2017,7.226600985221675
KT,2017,5.1408
KT,2017,6.430599369085173
KT,2017,7.367647058823529
KT,2017,5.054399999999999
KT,2017,6.589540412044374
KT,2017,7.279411764705882
KT,2017,5.091917591125198
KT,2017,6.578025477707006
KT,2017,7.147058823529412
KT,2017,5.451104100946372
KT,2017,6.54675118858954
KT,2017,7.403940886699507
KT,2017,5.132587859424921
KT,2017,6.589540412044374
KT,2017,7.270935960591133
KT,2017,5.1939586645469005
KT,2017,6.728706624605678
KT,2017,6.694581280788177
KT,2017,5.44251968503937
KT,2017,6.941640378548896
KT,2017,6.638613861386139
KT,2017,5.31496062992126
KT,2017,7.026813880126182
KT,2017,6.326732673267327
KT,2017,5.382911392405063
KT,2017,7.367507886435331
KT,2017,6.193069306930693
KT,2017,5.623211446740859
KT,2017,7.623028391167192
KT,2017,5.836633663366337
KT,2017,5.666136724960254
KT,2017,7.445324881141046
KT,2017,5.896551724137931
KT,2017,6.038338658146965
KT,2017,7.359746434231378
KT,2017,5.823529411764706
KT,2017,6.124600638977636
LG,2017,4.0947867298578196
LG,2017,4.283048211508554
LG,2017,4.84399375975039
LG,2017,5.323343848580441
LG,2017,3.94811320754717
LG,2017,4.472392638036809
LG,2017,4.912974683544304
LG,2017,3.7783018867924527
LG,2017,4.845092024539877
LG,2017,4.528481012658228
LG,2017,3.7358490566037736
LG,2017,5.093558282208589
LG,2017,4.656645569620253
LG,2017,3.8632075471698113
LG,2017,5.4837209302325585
LG,2017,4.47887323943662
LG,2017,4.033018867924528
LG,2017,5.525581395348837
LG,2017,4.584905660377358
LG,2017,4.202830188679245
LG,2017,5.567441860465117
LG,2017,4.415094339622642
LG,2017,4.287735849056604
LG,2017,5.433962264150943
LG,2017,4.3534883720930235
LG,2017,4.287735849056604
LG,2017,5.545023696682464
LG,2017,4.555727554179566
LG,2017,4.287735849056604
LG,2017,5.758293838862559
LG,2017,4.326656394453004
LG,2017,4.245283018867925
LG,2017,5.7156398104265405
LG,2017,4.555727554179566
LG,2017,4.0754716981132075
LG,2017,5.758293838862559
LG,2017,4.786936236391913
LG,2017,4.0947867298578196
LG,2017,5.476415094339623
LG,2017,4.912908242612753
LG,2017,4.0947867298578196
LG,2017,5.816037735849057
LG,2017,4.681114551083591
LG,2017,4.242857142857143
LG,2017,5.635514018691588
LG,2017,4.725
LG,2017,4.222748815165877
LG,2017,5.619718309859155
LG,2017,4.809375
LG,2017,4.009478672985782
LG,2017,5.677570093457944
LG,2017,4.874411302982732
LG,2017,4.009478672985782
LG,2017,5.4672897196261685
LG,2017,4.8974763406940065
LG,2017,4.052132701421801
LG,2017,5.4672897196261685
LG,2017,4.744945567651633
LG,2017,4.222748815165877
LG,2017,5.366197183098592
LG,2017,4.870917573872473
LG,2017,4.350710900473934
LG,2017,5.23943661971831
LG,2017,4.996889580093312
LG,2017,4.414285714285715
LG,2017,5.0046728971962615
LG,2017,5.080870917573872
LG,2017,4.222748815165877
LG,2017,4.920560747663552
LG,2017,5.1648522550544325
LG,2017,4.180094786729858
LG,2017,4.916666666666667
LG,2017,5.2982731554160125
LT,2017,4.5140625
LT,2017,7.096153846153846
LT,2017,3.5112107623318387
LT,2017,4.087155963302752
LT,2017,4.325038880248833
LT,2017,7.37914691943128
LT,2017,3.272727272727273
LT,2017,4.6828125
LT,2017,7.116279069767442
LT,2017,3.2083333333333335
LT,2017,5.213500784929356
LT,2017,6.583333333333333
LT,2017,3.4061538461538463
LT,2017,5.3578125
LT,2017,6.333333333333333
LT,2017,3.58887171561051
LT,2017,5.6109374999999995
LT,2017,6.041666666666667
LT,2017,3.8809891808346215
LT,2017,5.764521193092621
LT,2017,5.902325581395349
LT,2017,3.845329249617152
LT,2017,5.80690737833595
LT,2017,5.920684292379471
LT,2017,3.833587786259542
LT,2017,6.260252365930599
LT,2017,5.391640866873065
LT,2017,3.998473282442748
LT,2017,6.889064976228209
LT,2017,4.992295839753466
LT,2017,3.998473282442748
LT,2017,6.941640378548896
LT,2017,4.950693374422188
LT,2017,4.010719754977029
LT,2017,6.781789638932496
LT,2017,4.931888544891641
LT,2017,3.892261001517451
LT,2017,6.230769230769231
LT,2017,4.927914110429447
LT,2017,4.361538461538462
LT,2017,6.612244897959183
LT,2017,4.679447852760736
LT,2017,4.527692307692308
LT,2017,6.6970172684458396
LT,2017,4.742681047765793
LT,2017,4.506891271056662
LT,2017,6.866562009419152
LT,2017,4.534668721109399
LT,2017,4.506891271056662
LT,2017,6.899053627760252
LT,2017,4.5552147239263805
LT,2017,4.506891271056662
LT,2017,7.11198738170347
LT,2017,4.228915662650603
LT,2017,4.63093415007657
LT,2017,7.537854889589905
LT,2017,3.7646176911544225
LT,2017,4.610769230769231
LT,2017,7.359746434231378
LT,2017,3.7241379310344827
LT,2017,4.6523076923076925
LT,2017,7.316957210776545
LT,2017,3.6026986506746623
LT,2017,4.693846153846154
LT,2017,7.480891719745222
LT,2017,3.425373134328358
LT,2017,4.693846153846154
LT,2017,7.8191999999999995
LT,2017,3.24962852897474
LT,2017,4.486153846153846
LT,2017,7.308917197452229
LT,2017,3.4151785714285716
LT,2017,4.2304147465437785
NC,2017,3.875
NC,2017,5.046728971962617
NC,2017,4.69377990430622
NC,2017,4.274294670846396
NC,2017,3.887323943661972
NC,2017,5.046728971962617
NC,2017,4.7368421052631575
NC,2017,4.183098591549296
NC,2017,4.794392523364486
NC,2017,4.909090909090909
NC,2017,4.563380281690141
NC,2017,4.5
NC,2017,4.866028708133971
NC,2017,4.163551401869159
NC,2017,4.690140845070423
NC,2017,4.585714285714285
NC,2017,4.144186046511628
NC,2017,5.05188679245283
NC,2017,4.563981042654029
NC,2017,4.144186046511628
NC,2017,5.075829383886256
NC,2017,4.5
NC,2017,4.227906976744186
NC,2017,5.289099526066351
NC,2017,4.265402843601896
NC,2017,4.311627906976744
NC,2017,5.374407582938389
NC,2017,4.222748815165877
NC,2017,4.437209302325582
NC,2017,5.4170616113744074
NC,2017,4.137440758293839
NC,2017,4.3534883720930235
NC,2017,5.742857142857143
NC,2017,3.9953271028037385
NC,2017,4.354838709677419
NC,2017,5.841346153846154
NC,2017,3.887323943661972
NC,2017,4.169724770642202
NC,2017,6.130434782608695
NC,2017,3.580343213728549
NC,2017,3.904109589041096
NC,2017,6.304347826086956
NC,2017,3.59717868338558
NC,2017,4.068493150684931
NC,2017,6.478260869565218
NC,2017,3.4015748031496065
NC,2017,4.376146788990826
NC,2017,6.274038461538462
NC,2017,3.231496062992126
NC,2017,4.377272727272727
NC,2017,6.260869565217392
NC,2017,3.5291338582677168
NC,2017,4.131818181818182
NC,2017,6.086956521739131
NC,2017,3.6313291139240507
NC,2017,4.726027397260274
NC,2017,5.4951923076923075
NC,2017,3.7167721518987342
NC,2017,4.833333333333333
NC,2017,5.149038461538462
NC,2017,3.681818181818182
NC,2017,5.023255813953488
NC,2017,5.0625
NC,2017,3.8510971786833856
NC,2017,4.897674418604651
NC,2017,5.019230769230769
NC,2017,3.8934169278996866
NC,2017,5.341121495327103
NC,2017,4.542857142857143
NC,2017,3.9968503937007878
NC,2017,5.257009345794392
NC,2017,4.607655502392345
NC,2017,4.231974921630094
OB,2017,3.5778120184899844
OB,2017,6.0655226209048365
OB,2017,4.395348837209302
OB,2017,3.481132075471698
OB,2017,3.636222910216718
OB,2017,6.079192546583851
OB,2017,4.437209302325582
OB,2017,3.594427244582043
OB,2017,6.402496099843994
OB,2017,4.041666666666667
OB,2017,3.516279069767442
OB,2017,6.644200626959248
OB,2017,3.6912442396313363
OB,2017,3.7009345794392523
OB,2017,6.318252730109204
OB,2017,3.774193548387097
OB,2017,3.6588785046728973
OB,2017,6.318252730109204
OB,2017,3.774193548387097
OB,2017,3.9348837209302325
OB,2017,5.967084639498433
OB,2017,4.2304147465437785
OB,2017,3.9348837209302325
OB,2017,6.080314960629922
OB,2017,4.004587155963303
OB,2017,3.625
OB,2017,6.194620253164557
OB,2017,4.064516129032258
OB,2017,3.625
OB,2017,6.322784810126582
OB,2017,3.9400921658986174
OB,2017,3.7800000000000002
OB,2017,6.3428571428571425
OB,2017,3.815668202764977
OB,2017,3.7975270479134466
OB,2017,6.312796208530806
OB,2017,3.9166666666666665
OB,2017,3.9227202472952087
OB,2017,6.685714285714286
OB,2017,3.5416666666666665
OB,2017,4.04791344667697
OB,2017,6.557142857142857
OB,2017,3.5
OB,2017,4.465224111282844
OB,2017,6.257142857142857
OB,2017,3.3333333333333335
OB,2017,4.799072642967543
OB,2017,5.828571428571428
OB,2017,3.4583333333333335
OB,2017,4.715610510046368
OB,2017,5.957142857142857
OB,2017,3.311320754716981
OB,2017,5.091190108191654
OB,2017,5.785714285714286
OB,2017,3.3537735849056602
OB,2017,5.827639751552796
OB,2017,5.033175355450237
OB,2017,3.268867924528302
OB,2017,6.27613104524181
OB,2017,4.669811320754717
OB,2017,3.3537735849056602
OB,2017,6.023400936037442
OB,2017,4.688372093023256
OB,2017,3.401913875598086
OB,2017,6.178683385579937
OB,2017,4.437209302325582
OB,2017,3.488038277511962
OB,2017,6.178683385579937
OB,2017,4.437209302325582
OB,2017,3.311320754716981
OB,2017,6.136363636363637
OB,2017,4.47906976744186
OB,2017,3.311320754716981
SK,2017,4.796324655436448
SK,2017,4.274294670846396
SK,2017,6.998399999999999
SK,2017,4.9326923076923075
SK,2017,4.362804878048781
SK,2017,4.316614420062696
SK,2017,7.292604501607717
SK,2017,4.403963414634147
SK,2017,4.231974921630094
SK,2017,7.553054662379421
SK,2017,4.239329268292683
SK,2017,4.147335423197492
SK,2017,7.596463022508038
SK,2017,4.010719754977029
SK,2017,4.251968503937008
SK,2017,7.473599999999999
SK,2017,4.0996932515337425
SK,2017,4.287735849056604
SK,2017,7.422829581993569
SK,2017,3.9572519083969464
SK,2017,4.5
SK,2017,7.3279483037156705
SK,2017,3.833587786259542
SK,2017,4.716346153846154
SK,2017,7.480891719745222
SK,2017,3.886996904024768
SK,2017,5.149038461538462
SK,2017,7.050955414012739
SK,2017,3.827426810477658
SK,2017,5.668269230769231
SK,2017,6.4799999999999995
SK,2017,3.8512269938650303
SK,2017,5.668269230769231
SK,2017,6.554662379421222
SK,2017,3.9106317411402154
SK,2017,5.7272727272727275
SK,2017,6.337620578778135
SK,2017,3.863141524105754
SK,2017,5.884615384615385
SK,2017,6.3072
SK,2017,4.5562499999999995
SK,2017,5.038277511961723
SK,2017,6.3504
SK,2017,4.809375
SK,2017,4.607655502392345
SK,2017,6.554662379421222
SK,2017,4.7671874999999995
SK,2017,4.9952153110047846
SK,2017,6.163987138263665
SK,2017,4.8515625
SK,2017,5.2105263157894735
SK,2017,6.294212218649517
SK,2017,4.8515625
SK,2017,5.425837320574162
SK,2017,6.4119547657512115
SK,2017,5.206842923794712
SK,2017,5.339712918660287
SK,2017,6.106623586429725
SK,2017,5.365930599369085
SK,2017,5.614285714285714
SK,2017,5.67043618739903
SK,2017,5.083860759493671
SK,2017,6.07177033492823
SK,2017,5.252411575562701
SK,2017,4.804724409448819
SK,2017,6.3173076923076925
SK,2017,5.3999999999999995
SK,2017,4.316614420062696
SK,2017,6.434782608695652
SK,2017,5.202229299363057
SK,2017,4.358934169278997
SK,2017,6.739130434782608
SK,2017,5.11624203821656
SS,2017,6.887323943661972
SS,2017,4.298299845440495
SS,2017,5.637362637362637
SS,2017,6.557142857142857
SS,2017,6.76056338028169
SS,2017,4.354838709677419
SS,2017,5.587677725118484
SS,2017,6.253521126760563
SS,2017,4.708333333333333
SS,2017,5.800947867298579
SS,2017,6.240566037735849
SS,2017,5.065116279069767
SS,2017,5.672985781990521
SS,2017,5.900943396226415
SS,2017,5.929906542056075
SS,2017,5.179245283018868
SS,2017,5.306603773584905
SS,2017,6.211267605633803
SS,2017,5.028169014084507
SS,2017,5.130841121495327
SS,2017,6.240566037735849
SS,2017,5.450704225352113
SS,2017,5.593457943925234
SS,2017,6.120578778135048
SS,2017,5.209800918836141
SS,2017,5.458333333333333
SS,2017,5.888529886914378
SS,2017,5.25114854517611
SS,2017,5.567441860465117
SS,2017,5.729903536977492
SS,2017,5.233846153846154
SS,2017,5.383307573415765
SS,2017,5.748387096774194
SS,2017,5.483076923076923
SS,2017,5.550231839258115
SS,2017,5.922580645161291
SS,2017,5.275384615384616
SS,2017,5.785714285714286
SS,2017,5.677367576243981
SS,2017,5.425038639876353
SS,2017,5.785714285714286
SS,2017,5.590690208667737
SS,2017,5.591962905718702
SS,2017,5.701863354037267
SS,2017,5.634028892455859
SS,2017,5.884080370942813
SS,2017,5.7437888198757765
SS,2017,5.634028892455859
SS,2017,6.009273570324575
SS,2017,5.633693972179289
SS,2017,5.946945337620578
SS,2017,5.791666666666667
SS,2017,5.675425038639877
SS,2017,6.106623586429725
SS,2017,5.573394495412844
SS,2017,5.925811437403401
SS,2017,5.4959612277867524
SS,2017,5.723502304147465
SS,2017,5.842349304482226
SS,2017,5.37420382165605
SS,2017,6.084507042253521
SS,2017,5.53416149068323
SS,2017,5.5102040816326525
SS,2017,5.914285714285715
SS,2017,5.307332293291732
SS,2017,5.5102040816326525
SS,2017,6.171428571428572
SS,2017,5.180967238689548
SS,2017,5.5102040816326525
SS,2017,6.428571428571429
SS,2017,4.527950310559007
SS,2017,5.425431711145997
SS,2017,6.728571428571429
WO,2017,5.125
WO,2017,5.247648902821317
WO,2017,4.846153846153846
WO,2017,4.21216848673947
WO,2017,5.125
WO,2017,5.205329153605016
WO,2017,4.802884615384615
WO,2017,5.0
WO,2017,5.4850393700787405
WO,2017,4.564593301435407
WO,2017,4.981395348837209
WO,2017,5.655118110236221
WO,2017,4.1571428571428575
WO,2017,5.088785046728972
WO,2017,5.670846394984326
WO,2017,4.114285714285714
WO,2017,5.677570093457944
WO,2017,5.175718849840256
WO,2017,4.121495327102804
WO,2017,5.761682242990654
WO,2017,5.175718849840256
WO,2017,4.309859154929577
WO,2017,5.4672897196261685
WO,2017,5.218849840255591
WO,2017,4.21216848673947
WO,2017,5.605388272583201
WO,2017,5.202229299363057
WO,2017,4.147335423197492
WO,2017,5.536277602523659
WO,2017,5.202229299363057
WO,2017,4.189655172413794
WO,2017,5.578864353312302
WO,2017,5.460191082802548
WO,2017,4.251968503937008
WO,2017,5.594976452119309
WO,2017,5.5728
WO,2017,4.231974921630094
WO,2017,5.594976452119309
WO,2017,5.4432
WO,2017,4.316614420062696
WO,2017,5.66403785488959
WO,2017,5.29665071770335
WO,2017,4.436619718309859
WO,2017,6.260252365930599
WO,2017,5.0625
WO,2017,4.121495327102804
WO,2017,6.089905362776025
WO,2017,5.038277511961723
WO,2017,4.140845070422535
WO,2017,6.188383045525902
WO,2017,4.759615384615385
WO,2017,4.183098591549296
WO,2017,6.1036106750392465
WO,2017,5.0625
WO,2017,4.125
WO,2017,6.061224489795918
WO,2017,4.975961538461538
WO,2017,4.25
WO,2017,5.6109374999999995
WO,2017,5.149038461538462
WO,2017,4.125
WO,2017,5.255886970172684
WO,2017,5.038277511961723
WO,2017,4.166666666666667
WO,2017,5.34065934065934
WO,2017,4.822966507177034
WO,2017,4.208333333333333
WO,2017,5.37460815047022
WO,2017,4.4496
WO,2017,4.3049535603715166
WO,2017,5.332288401253919
WO,2017,4.543269230769231
WO,2017,4.318322981366459
HH,2018,3.5
HH,2018,5.05188679245283
HH,2018,3.9056603773584904
HH,2018,6.244019138755981
HH,2018,5.5514018691588785
HH,2018,3.641860465116279
HH,2018,4.816901408450704
HH,2018,4.330188679245283
HH,2018,6.028301886792453
HH,2018,3.869158878504673
HH,2018,4.58411214953271
HH,2018,4.415094339622642
HH,2018,6.028301886792453
HH,2018,3.8333333333333335
HH,2018,4.52112676056338
HH,2018,4.584905660377358
HH,2018,5.816037735849057
HH,2018,3.875
HH,2018,4.985915492957746
HH,2018,4.606635071090047
HH,2018,5.535211267605634
HH,2018,3.857142857142857
HH,2018,4.816901408450704
HH,2018,4.757142857142857
HH,2018,5.719626168224299
HH,2018,3.857142857142857
HH,2018,4.774647887323944
HH,2018,4.8428571428571425
HH,2018,5.5514018691588785
HH,2018,3.9815668202764978
HH,2018,4.605633802816901
HH,2018,4.885714285714286
HH,2018,5.788732394366197
HH,2018,3.9400921658986174
HH,2018,4.647887323943662
HH,2018,4.885714285714286
HH,2018,5.830985915492958
HH,2018,4.0
HH,2018,4.732394366197183
HH,2018,4.862559241706161
HH,2018,5.619718309859155
HH,2018,3.9583333333333335
HH,2018,4.647887323943662
HH,2018,4.966981132075472
HH,2018,5.518867924528302
HH,2018,3.7083333333333335
HH,2018,4.690140845070423
HH,2018,5.161137440758294
HH,2018,5.704225352112676
HH,2018,3.8511627906976744
HH,2018,4.774647887323944
HH,2018,4.9245283018867925
HH,2018,5.915492957746479
HH,2018,4.018604651162791
HH,2018,4.797169811320755
HH,2018,5.366197183098592
HH,2018,5.577464788732394
HH,2018,4.037383177570093
HH,2018,4.734597156398104
HH,2018,5.661971830985915
HH,2018,5.366197183098592
HH,2018,4.163551401869159
HH,2018,4.606635071090047
HH,2018,5.788732394366197
HH,2018,5.492957746478873
HH,2018,4.121495327102804
HH,2018,5.374407582938389
HH,2018,5.088785046728972
HH,2018,5.492957746478873
HH,2018,4.140845070422535
HH,2018,5.221698113207547
HH,2018,5.450704225352113
HH,2018,5.23943661971831
HH,2018,4.352112676056338
HH,2018,4.9245283018867925
HH,2018,5.60377358490566
HH,2018,5.28169014084507
HH,2018,4.816901408450704
HH,2018,4.493001555209953
HH,2018,5.623211446740859
HH,2018,5.408450704225352
HH,2018,5.070422535211268
HH,2018,4.5140625
HH,2018,5.511075949367089
HH,2018,5.408450704225352
HH,2018,5.046728971962617
HH,2018,4.2609375
HH,2018,5.5965189873417724
HH,2018,5.688679245283019
HH,2018,4.966981132075472
HH,2018,4.183098591549296
HH,2018,5.957142857142857
HH,2018,5.450704225352113
HH,2018,5.136792452830188
HH,2018,4.117924528301887
HH,2018,5.871428571428571
HH,2018,5.577464788732394
HT,2018,4.854889589905363
HT,2018,5.086342229199372
HT,2018,5.511075949367089
HT,2018,6.473186119873817
HT,2018,5.5588235294117645
HT,2018,4.812302839116719
HT,2018,5.425431711145997
HT,2018,5.666136724960254
HT,2018,6.074999999999999
HT,2018,4.920760697305863
HT,2018,5.34065934065934
HT,2018,5.55379746835443
HT,2018,6.159375
HT,2018,4.556782334384858
HT,2018,5.4421875
HT,2018,5.4515103338632755
HT,2018,6.464788732394366
HT,2018,4.832025117739403
HT,2018,5.552590266875981
HT,2018,5.2974683544303796
HT,2018,6.338028169014085
HT,2018,4.89375
HT,2018,5.383045525902668
HT,2018,5.425632911392405
HT,2018,6.295774647887324
HT,2018,4.640625
HT,2018,5.552590266875981
HT,2018,5.382911392405063
HT,2018,6.380281690140845
HT,2018,4.710280373831775
HT,2018,5.679748822605966
HT,2018,5.4515103338632755
HT,2018,6.338028169014085
HT,2018,4.878504672897196
HT,2018,5.425431711145997
HT,2018,5.4770206022187
HT,2018,6.357927786499215
HT,2018,5.065116279069767
HT,2018,5.408517350157728
HT,2018,5.605388272583201
HT,2018,6.302839116719243
HT,2018,5.023255813953488
HT,2018,5.66403785488959
HT,2018,5.434231378763867
HT,2018,6.4611727416798725
HT,2018,5.1069767441860465
HT,2018,5.94770206022187
HT,2018,5.408517350157728
HT,2018,6.204437400950871
HT,2018,4.604651162790698
HT,2018,6.062101910828026
HT,2018,5.637362637362637
HT,2018,5.990491283676703
HT,2018,4.839622641509434
HT,2018,5.8471337579617835
HT,2018,5.990625
HT,2018,5.562599049128368
HT,2018,4.690140845070423
HT,2018,5.761146496815287
HT,2018,6.230769230769231
HT,2018,5.3999999999999995
HT,2018,4.436619718309859
HT,2018,6.062101910828026
HT,2018,6.145996860282574
HT,2018,6.01883830455259
HT,2018,4.605633802816901
HT,2018,6.1050955414012735
HT,2018,6.5157728706624605
HT,2018,5.5265625
HT,2018,4.626168224299065
HT,2018,5.890127388535031
HT,2018,6.430599369085173
HT,2018,5.56875
HT,2018,4.444099378881988
HT,2018,5.794912559618442
HT,2018,6.558359621451104
HT,2018,5.552590266875981
HT,2018,4.576982892690513
HT,2018,5.871428571428571
HT,2018,6.473186119873817
HT,2018,5.670846394984326
HT,2018,4.89375
HT,2018,5.614285714285714
HT,2018,6.612244897959183
HT,2018,5.803738317757009
HT,2018,5.0203125
HT,2018,5.5285714285714285
HT,2018,6.771293375394322
HT,2018,5.567441860465117
HT,2018,5.146875
HT,2018,5.511961722488039
HT,2018,6.7075471698113205
HT,2018,5.5170278637770895
HT,2018,5.0625
HT,2018,5.724683544303797
HT,2018,6.503961965134707
HT,2018,5.43343653250774
KT,2018,4.962616822429907
KT,2018,5.478260869565218
KT,2018,4.965996908809892
KT,2018,5.543887147335424
KT,2018,5.576086956521739
KT,2018,4.878504672897196
KT,2018,5.571428571428571
KT,2018,5.120689655172414
KT,2018,5.4850393700787405
KT,2018,4.626168224299065
KT,2018,5.7
KT,2018,5.078369905956113
KT,2018,5.425632911392405
KT,2018,4.626168224299065
KT,2018,5.742857142857143
KT,2018,5.120689655172414
KT,2018,5.408585055643879
KT,2018,4.836448598130841
KT,2018,5.442857142857143
KT,2018,5.289968652037618
KT,2018,5.365659777424484
KT,2018,4.626168224299065
KT,2018,5.641148325358851
KT,2018,5.120689655172414
KT,2018,5.2974683544303796
KT,2018,4.732394366197183
KT,2018,5.614285714285714
KT,2018,5.086342229199372
KT,2018,5.374407582938389
KT,2018,4.797169811320755
KT,2018,5.504012841091493
KT,2018,5.132921174652242
KT,2018,6.014218009478673
KT,2018,4.9245283018867925
KT,2018,5.3913738019169335
KT,2018,5.758887171561051
KT,2018,5.6571428571428575
KT,2018,5.167464114832536
KT,2018,5.120689655172414
KT,2018,6.094043887147336
KT,2018,5.314285714285714
KT,2018,4.822966507177034
KT,2018,5.4850393700787405
KT,2018,5.924764890282132
KT,2018,5.1874015748031495
KT,2018,4.952153110047847
KT,2018,5.05984251968504
KT,2018,6.051724137931035
KT,2018,5.31496062992126
KT,2018,4.7368421052631575
KT,2018,5.425632911392405
KT,2018,5.686427457098284
KT,2018,5.35748031496063
KT,2018,4.607655502392345
KT,2018,5.382911392405063
KT,2018,5.882445141065831
KT,2018,5.44251968503937
KT,2018,4.869565217391305
KT,2018,5.254746835443038
KT,2018,5.830985915492958
KT,2018,5.374805598755832
KT,2018,4.673076923076923
KT,2018,5.340189873417722
KT,2018,5.661971830985915
KT,2018,5.710730948678071
KT,2018,4.7368421052631575
KT,2018,5.468354430379747
KT,2018,5.873239436619718
KT,2018,5.500777604976672
KT,2018,4.846153846153846
KT,2018,5.366459627329193
KT,2018,6.0
KT,2018,5.7375
KT,2018,4.9326923076923075
KT,2018,5.341576506955178
KT,2018,5.871428571428571
KT,2018,5.7375
KT,2018,5.1923076923076925
KT,2018,5.216383307573416
KT,2018,5.758293838862559
KT,2018,5.6109374999999995
KT,2018,5.173913043478261
KT,2018,5.341576506955178
KT,2018,5.60377358490566
KT,2018,5.8218749999999995
KT,2018,5.286407766990291
KT,2018,5.316923076923077
KT,2018,5.60377358490566
KT,2018,5.6953125
KT,2018,5.330097087378641
KT,2018,5.4
KT,2018,5.60377358490566
KT,2018,5.4421875
KT,2018,5.3478260869565215
KT,2018,5.2998454404945905
KT,2018,5.518867924528302
KT,2018,5.668740279937792
LG,2018,4.8974763406940065
LG,2018,4.457142857142857
LG,2018,5.794520547945205
LG,2018,7.232142857142857
LG,2018,5.23943661971831
LG,2018,4.769716088328075
LG,2018,4.414285714285715
LG,2018,6.2465753424657535
LG,2018,6.7938311688311686
LG,2018,4.812302839116719
LG,2018,4.779904306220096
LG,2018,5.85
LG,2018,6.925324675324675
LG,2018,4.769716088328075
LG,2018,5.175718849840256
LG,2018,5.636913767019667
LG,2018,6.8814935064935066
LG,2018,5.3486529318541995
LG,2018,4.635930047694754
LG,2018,5.990881458966565
LG,2018,6.554662379421222
LG,2018,5.263074484944532
LG,2018,4.979332273449921
LG,2018,6.050304878048781
LG,2018,6.360576923076923
LG,2018,5.503184713375796
LG,2018,4.633385335413417
LG,2018,6.217928902627512
LG,2018,6.434782608695652
LG,2018,5.288216560509554
LG,2018,4.591263650546022
LG,2018,6.372670807453416
LG,2018,6.360576923076923
LG,2018,5.263074484944532
LG,2018,4.655172413793104
LG,2018,6.540372670807454
LG,2018,6.144230769230769
LG,2018,5.502369668246446
LG,2018,4.5
LG,2018,6.55054432348367
LG,2018,6.028708133971292
LG,2018,5.221698113207547
LG,2018,4.943661971830986
LG,2018,6.4546874999999995
LG,2018,6.257142857142857
LG,2018,4.966981132075472
LG,2018,4.859154929577465
LG,2018,6.834375
LG,2018,6.128571428571429
LG,2018,4.839622641509434
LG,2018,5.070422535211268
LG,2018,6.824175824175824
LG,2018,6.355450236966824
LG,2018,4.372641509433962
LG,2018,5.476415094339623
LG,2018,6.442700156985871
LG,2018,6.495283018867925
LG,2018,4.4575471698113205
LG,2018,5.688679245283019
LG,2018,6.3155416012558865
LG,2018,6.338028169014085
LG,2018,4.5424528301886795
LG,2018,5.561320754716981
LG,2018,6.6970172684458396
LG,2018,6.495283018867925
LG,2018,4.330188679245283
LG,2018,5.900943396226415
LG,2018,6.856466876971608
LG,2018,6.028301886792453
LG,2018,3.990566037735849
LG,2018,5.943396226415095
LG,2018,7.316957210776545
LG,2018,5.577464788732394
LG,2018,3.8632075471698113
LG,2018,5.915492957746479
LG,2018,7.6528662420382165
LG,2018,5.214953271028038
LG,2018,4.033018867924528
LG,2018,5.677570093457944
LG,2018,7.695859872611464
LG,2018,5.408450704225352
LG,2018,4.009478672985782
LG,2018,5.693023255813953
LG,2018,7.480891719745222
LG,2018,5.518867924528302
LG,2018,4.242857142857143
LG,2018,5.375
LG,2018,7.5168
LG,2018,5.619718309859155
LG,2018,4.242857142857143
LG,2018,5.383561643835616
LG,2018,7.49512987012987
LG,2018,5.661971830985915
LG,2018,4.285714285714286
LG,2018,5.876712328767123
LG,2018,6.969155844155844
LG,2018,5.577464788732394
LT,2018,3.838862559241706
LT,2018,5.889400921658986
LT,2018,5.474085365853659
LT,2018,6.330143540669856
LT,2018,4.833333333333333
LT,2018,3.8142857142857145
LT,2018,5.701357466063349
LT,2018,5.675425038639877
LT,2018,6.244019138755981
LT,2018,3.7535545023696684
LT,2018,5.904977375565611
LT,2018,5.425038639876353
LT,2018,6.157894736842105
LT,2018,3.838862559241706
LT,2018,5.866071428571429
LT,2018,5.44251968503937
LT,2018,6.270142180094787
LT,2018,4.180094786729858
LT,2018,5.625
LT,2018,5.55379746835443
LT,2018,6.3254716981132075
LT,2018,4.478672985781991
LT,2018,5.408071748878924
LT,2018,5.61259842519685
LT,2018,6.15566037735849
LT,2018,4.777251184834123
LT,2018,5.335329341317365
LT,2018,5.518867924528302
LT,2018,6.270142180094787
LT,2018,4.563981042654029
LT,2018,5.456586826347306
LT,2018,5.60377358490566
LT,2018,6.2274881516587675
LT,2018,4.436018957345971
LT,2018,5.820359281437126
LT,2018,5.349056603773585
LT,2018,6.398104265402844
LT,2018,4.5
LT,2018,5.982035928143713
LT,2018,5.009433962264151
LT,2018,6.483412322274882
LT,2018,4.669811320754717
LT,2018,6.1437125748503
LT,2018,4.797169811320755
LT,2018,6.6
LT,2018,4.819905213270142
LT,2018,6.116244411326379
LT,2018,4.819905213270142
LT,2018,6.440758293838862
LT,2018,4.9245283018867925
LT,2018,6.1437125748503
LT,2018,5.009433962264151
LT,2018,6.270142180094787
LT,2018,5.179245283018868
LT,2018,6.049624060150376
LT,2018,4.985915492957746
LT,2018,6.3254716981132075
LT,2018,5.349056603773585
LT,2018,6.19939577039275
LT,2018,4.920560747663552
LT,2018,6.355450236966824
LT,2018,5.635514018691588
LT,2018,6.132621951219512
LT,2018,4.943661971830986
LT,2018,6.113207547169812
LT,2018,6.0
LT,2018,5.912710566615621
LT,2018,5.112676056338028
LT,2018,5.915492957746479
LT,2018,6.253521126760563
LT,2018,5.981538461538462
LT,2018,4.794392523364486
LT,2018,6.0
LT,2018,6.084507042253521
LT,2018,6.1061538461538465
LT,2018,4.668224299065421
LT,2018,6.153488372093023
LT,2018,6.253521126760563
LT,2018,6.023076923076923
LT,2018,4.816901408450704
LT,2018,6.25
LT,2018,6.283018867924528
LT,2018,5.898461538461539
LT,2018,5.009433962264151
LT,2018,6.179723502304148
LT,2018,6.295774647887324
LT,2018,5.817905918057663
LT,2018,5.684210526315789
LT,2018,5.474654377880184
LT,2018,6.138248847926267
LT,2018,6.064615384615385
LT,2018,5.856459330143541
LT,2018,5.166666666666667
LT,2018,5.847926267281106
LT,2018,5.995405819295559
LT,2018,6.2009569377990434
LT,2018,4.833333333333333
NC,2018,6.136363636363637
NC,2018,5.779552715654952
NC,2018,5.260869565217392
NC,2018,4.973684210526316
NC,2018,6.100961538461538
NC,2018,6.377952755905512
NC,2018,5.537360890302067
NC,2018,5.1
NC,2018,5.001569858712716
NC,2018,6.250393700787402
NC,2018,5.55379746835443
NC,2018,5.142857142857143
NC,2018,4.874411302982732
NC,2018,6.760629921259842
NC,2018,5.2974683544303796
NC,2018,5.339712918660287
NC,2018,4.640625
NC,2018,6.675590551181102
NC,2018,5.511075949367089
NC,2018,5.124401913875598
NC,2018,4.809375
NC,2018,6.888188976377953
NC,2018,5.2974683544303796
NC,2018,5.253588516746412
NC,2018,4.640625
NC,2018,7.177215189873418
NC,2018,5.1874015748031495
NC,2018,5.167464114832536
NC,2018,4.725
NC,2018,7.082670906200319
NC,2018,5.37460815047022
NC,2018,4.882075471698113
NC,2018,4.85828025477707
NC,2018,6.653418124006359
NC,2018,5.52755905511811
NC,2018,4.774647887323944
NC,2018,4.8152866242038215
NC,2018,6.524642289348172
NC,2018,5.460674157303371
NC,2018,4.791666666666667
NC,2018,4.87797147385103
NC,2018,6.224165341812401
NC,2018,5.434504792332269
NC,2018,4.772093023255814
NC,2018,4.979332273449921
NC,2018,6.352941176470589
NC,2018,5.634028892455859
NC,2018,4.541666666666667
NC,2018,4.916932907348243
NC,2018,6.322784810126582
NC,2018,5.243980738362761
NC,2018,4.916666666666667
NC,2018,4.960063897763579
NC,2018,6.250393700787402
NC,2018,5.051612903225807
NC,2018,4.811059907834101
NC,2018,4.916932907348243
NC,2018,6.420472440944883
NC,2018,5.163695299837926
NC,2018,4.679447852760736
NC,2018,5.054399999999999
NC,2018,6.450949367088608
NC,2018,4.920967741935484
NC,2018,4.886503067484663
NC,2018,5.252411575562701
NC,2018,6.395866454689984
NC,2018,4.983948635634029
NC,2018,4.720858895705521
NC,2018,5.67043618739903
NC,2018,6.467845659163987
NC,2018,4.9326923076923075
NC,2018,4.992295839753466
NC,2018,5.626817447495961
NC,2018,6.4368
NC,2018,4.889423076923077
NC,2018,5.26625386996904
NC,2018,5.3478260869565215
NC,2018,6.424437299035369
NC,2018,5.173913043478261
NC,2018,5.24191063174114
NC,2018,5.330097087378641
NC,2018,6.381028938906752
NC,2018,5.0
NC,2018,5.391640866873065
NC,2018,5.253588516746412
NC,2018,6.467845659163987
NC,2018,5.024271844660194
NC,2018,5.283513097072419
NC,2018,5.425837320574162
NC,2018,6.370786516853933
NC,2018,5.330097087378641
NC,2018,5.158705701078582
NC,2018,5.511961722488039
NC,2018,5.779552715654952
NC,2018,5.330097087378641
NC,2018,5.140866873065015
NC,2018,5.684210526315789
OB,2018,4.927914110429447
OB,2018,4.527950310559007
OB,2018,5.214953271028038
OB,2018,5.60377358490566
OB,2018,4.757341576506955
OB,2018,4.803680981595091
OB,2018,4.444099378881988
OB,2018,5.719626168224299
OB,2018,5.221698113207547
OB,2018,4.610769230769231
OB,2018,4.653726708074534
OB,2018,5.719626168224299
OB,2018,5.09433962264151
OB,2018,4.424196018376723
OB,2018,4.84399375975039
OB,2018,5.525581395348837
OB,2018,5.136792452830188
OB,2018,4.465543644716693
OB,2018,4.84399375975039
OB,2018,5.4837209302325585
OB,2018,5.60377358490566
OB,2018,4.403963414634147
OB,2018,4.675507020280811
OB,2018,5.818604651162791
OB,2018,5.306603773584905
OB,2018,4.486280487804878
OB,2018,4.821428571428572
OB,2018,5.761682242990654
OB,2018,5.545023696682464
OB,2018,4.403963414634147
OB,2018,4.90527950310559
OB,2018,6.126760563380282
OB,2018,5.2982731554160125
OB,2018,4.803680981595091
OB,2018,4.58411214953271
OB,2018,6.240566037735849
OB,2018,5.146875
OB,2018,4.992295839753466
OB,2018,4.144186046511628
OB,2018,6.3254716981132075
OB,2018,5.1046875
OB,2018,5.117103235747304
OB,2018,4.269767441860465
OB,2018,6.367924528301887
OB,2018,5.23125
OB,2018,4.909090909090909
OB,2018,4.3534883720930235
OB,2018,6.367924528301887
OB,2018,5.2982731554160125
OB,2018,4.513803680981595
OB,2018,4.772093023255814
OB,2018,6.2274881516587675
OB,2018,5.0625
OB,2018,4.2239263803680975
OB,2018,5.172897196261682
OB,2018,5.900943396226415
OB,2018,5.2734375
OB,2018,4.006182380216384
OB,2018,5.172897196261682
OB,2018,6.410377358490566
OB,2018,5.086342229199372
OB,2018,3.714064914992272
OB,2018,5.577464788732394
OB,2018,6.042253521126761
OB,2018,5.120689655172414
OB,2018,3.7557959814528594
OB,2018,5.957746478873239
OB,2018,5.957746478873239
OB,2018,4.909090909090909
OB,2018,3.9227202472952087
OB,2018,5.788732394366197
OB,2018,5.873239436619718
OB,2018,4.866771159874609
OB,2018,3.964451313755796
OB,2018,5.661971830985915
OB,2018,6.084507042253521
OB,2018,4.739811912225705
OB,2018,4.006182380216384
OB,2018,5.666666666666667
OB,2018,6.042857142857143
OB,2018,4.84399375975039
OB,2018,3.7975270479134466
OB,2018,5.640552995391705
OB,2018,5.7
OB,2018,5.223088923556943
OB,2018,3.7975270479134466
OB,2018,5.458333333333333
OB,2018,5.742857142857143
OB,2018,5.265210608424337
OB,2018,3.857142857142857
OB,2018,5.274418604651163
OB,2018,5.587677725118484
OB,2018,5.349453978159127
OB,2018,3.8392581143740343
OB,2018,5.635514018691588
OB,2018,5.7156398104265405
OB,2018,4.882534775888717
SK,2018,5.236883942766296
SK,2018,4.866028708133971
SK,2018,3.3276131045241812
SK,2018,5.509345794392523
SK,2018,5.238170347003154
SK,2018,4.979332273449921
SK,2018,4.9952153110047846
SK,2018,3.2433697347893915
SK,2018,5.4672897196261685
SK,2018,4.8306709265175725
SK,2018,5.105769230769231
SK,2018,3.1170046801872076
SK,2018,5.609302325581395
SK,2018,4.807631160572337
SK,2018,5.043478260869565
SK,2018,3.1170046801872076
SK,2018,5.677570093457944
SK,2018,5.175718849840256
SK,2018,4.586538461538462
SK,2018,3.369734789391576
SK,2018,5.668740279937792
SK,2018,5.184
SK,2018,4.6224
SK,2018,3.4118564742589705
SK,2018,5.653125
SK,2018,4.901273885350318
SK,2018,4.6655999999999995
SK,2018,3.4118564742589705
SK,2018,5.90625
SK,2018,4.8152866242038215
SK,2018,4.870253164556963
SK,2018,3.279179810725552
SK,2018,5.990625
SK,2018,4.901273885350318
SK,2018,4.764705882352941
SK,2018,3.3061224489795915
SK,2018,5.990625
SK,2018,4.664025356576862
SK,2018,4.678855325914149
SK,2018,3.3061224489795915
SK,2018,6.3155416012558865
SK,2018,4.5784469096671945
SK,2018,4.764705882352941
SK,2018,3.4069400630914823
SK,2018,6.188383045525902
SK,2018,4.492868462757528
SK,2018,4.721780604133546
SK,2018,3.4921135646687698
SK,2018,6.188383045525902
SK,2018,4.4072900158478605
SK,2018,4.485759493670886
SK,2018,4.173501577287066
SK,2018,5.5102040816326525
SK,2018,4.2586750788643535
SK,2018,4.5718849840255595
SK,2018,4.832025117739403
SK,2018,4.874411302982732
SK,2018,4.357594936708861
SK,2018,4.557324840764331
SK,2018,4.854889589905363
SK,2018,4.7671874999999995
SK,2018,3.992050874403816
SK,2018,4.535657686212361
SK,2018,4.727129337539432
SK,2018,5.086342229199372
SK,2018,4.120826709062003
SK,2018,4.5784469096671945
SK,2018,5.110410094637224
SK,2018,4.7048665620094186
SK,2018,3.942857142857143
SK,2018,4.492868462757528
SK,2018,5.408517350157728
SK,2018,4.725
SK,2018,4.137440758293839
SK,2018,4.150554675118859
SK,2018,5.764521193092621
SK,2018,4.577708006279435
SK,2018,4.287735849056604
SK,2018,3.8938193343898573
SK,2018,6.089905362776025
SK,2018,4.4296875
SK,2018,4.732394366197183
SK,2018,3.8694267515923566
SK,2018,5.552590266875981
SK,2018,4.640625
SK,2018,4.671428571428572
SK,2018,3.628125
SK,2018,5.594976452119309
SK,2018,4.89375
SK,2018,4.564593301435407
SK,2018,3.5692068429237946
SK,2018,5.467817896389325
SK,2018,5.0203125
SK,2018,4.521531100478469
SK,2018,3.6531881804043542
SK,2018,5.4421875
SK,2018,5.238170347003154
SS,2018,5.198757763975156
SS,2018,5.757673667205169
SS,2018,4.754716981132075
SS,2018,4.927914110429447
SS,2018,5.350230414746544
SS,2018,5.156832298136647
SS,2018,5.757673667205169
SS,2018,4.627358490566038
SS,2018,5.366718027734977
SS,2018,5.156832298136647
SS,2018,5.801292407108239
SS,2018,4.5
SS,2018,5.574730354391371
SS,2018,4.821428571428572
SS,2018,6.368336025848142
SS,2018,4.21608832807571
SS,2018,5.5227272727272725
SS,2018,4.801872074882995
SS,2018,6.684887459807074
SS,2018,4.1343749999999995
SS,2018,5.4495412844036695
SS,2018,4.717628705148206
SS,2018,6.868799999999999
SS,2018,3.7125
SS,2018,5.614678899082569
SS,2018,5.0729813664596275
SS,2018,6.381028938906752
SS,2018,3.6531881804043542
SS,2018,5.614678899082569
SS,2018,4.947204968944099
SS,2018,6.4555735056542805
SS,2018,3.5038167938931295
SS,2018,5.818604651162791
SS,2018,4.444099378881988
SS,2018,6.574675324675324
SS,2018,3.7750759878419453
SS,2018,5.635514018691588
SS,2018,4.27639751552795
SS,2018,6.75
SS,2018,3.5699088145896654
SS,2018,6.224299065420561
SS,2018,4.27639751552795
SS,2018,6.706168831168831
SS,2018,3.6687022900763355
SS,2018,6.32093023255814
SS,2018,4.234472049689441
SS,2018,6.5628058727569325
SS,2018,3.6109422492401215
SS,2018,6.392523364485982
SS,2018,4.380655226209049
SS,2018,6.263999999999999
SS,2018,3.9106317411402154
SS,2018,6.182242990654205
SS,2018,4.528213166144201
SS,2018,6.4799999999999995
SS,2018,3.869029275808937
SS,2018,5.902325581395349
SS,2018,4.443573667711599
SS,2018,6.771704180064308
SS,2018,3.76840490797546
SS,2018,5.734883720930233
SS,2018,4.691943127962086
SS,2018,6.424437299035369
SS,2018,4.160246533127889
SS,2018,5.333333333333333
SS,2018,4.819905213270142
SS,2018,6.294212218649517
SS,2018,4.326656394453004
SS,2018,5.358139534883721
SS,2018,4.563981042654029
SS,2018,6.294212218649517
SS,2018,4.326656394453004
SS,2018,5.525581395348837
SS,2018,4.521327014218009
SS,2018,6.381028938906752
SS,2018,4.659476117103235
SS,2018,5.201834862385321
SS,2018,4.7048665620094186
SS,2018,6.278048780487805
SS,2018,4.513803680981595
SS,2018,5.201834862385321
SS,2018,4.747252747252747
SS,2018,5.926829268292683
SS,2018,4.5552147239263805
SS,2018,5.284403669724771
SS,2018,5.110410094637224
SS,2018,5.635922330097087
SS,2018,4.596625766871165
SS,2018,5.36697247706422
SS,2018,5.195583596214511
SS,2018,5.3478260869565215
SS,2018,4.679447852760736
SS,2018,5.474654377880184
SS,2018,5.562599049128368
SS,2018,4.975961538461538
SS,2018,4.803680981595091
SS,2018,5.391705069124424
WO,2018,4.4575471698113205
WO,2018,4.9952153110047846
WO,2018,5.631901840490797
WO,2018,4.965996908809892
WO,2018,5.630331753554502
WO,2018,4.5
WO,2018,4.928571428571429
WO,2018,5.657935285053929
WO,2018,5.156832298136647
WO,2018,5.033175355450237
WO,2018,4.563981042654029
WO,2018,5.574730354391371
WO,2018,5.265210608424337
WO,2018,4.819905213270142
WO,2018,4.734597156398104
WO,2018,5.631901840490797
WO,2018,5.391575663026521
WO,2018,4.839622641509434
WO,2018,4.990521327014218
WO,2018,5.424846625766871
WO,2018,5.433697347893916
WO,2018,4.436619718309859
WO,2018,5.075829383886256
WO,2018,5.466257668711656
WO,2018,5.265210608424337
WO,2018,4.352112676056338
WO,2018,5.4170616113744074
WO,2018,5.176380368098159
WO,2018,5.130841121495327
WO,2018,4.563380281690141
WO,2018,5.203791469194313
WO,2018,5.507668711656441
WO,2018,4.985915492957746
WO,2018,4.436619718309859
WO,2018,5.315625
WO,2018,5.525581395348837
WO,2018,4.985915492957746
WO,2018,4.5
WO,2018,5.4421875
WO,2018,5.208333333333333
WO,2018,4.943661971830986
WO,2018,4.0754716981132075
WO,2018,5.584758942457231
WO,2018,5.441860465116279
WO,2018,4.668224299065421
WO,2018,4.137440758293839
WO,2018,5.18266253869969
WO,2018,5.525581395348837
WO,2018,4.688372093023256
WO,2018,4.457142857142857
WO,2018,5.200308166409861
WO,2018,5.190697674418605
WO,2018,4.730232558139535
WO,2018,4.671428571428572
WO,2018,5.12917933130699
WO,2018,5.09433962264151
WO,2018,5.023255813953488
WO,2018,4.671428571428572
WO,2018,4.965045592705167
WO,2018,5.05188679245283
WO,2018,5.065116279069767
WO,2018,4.628571428571429
WO,2018,4.924012158054711
WO,2018,5.154929577464789
WO,2018,4.878504672897196
WO,2018,4.757142857142857
WO,2018,4.8419452887537995
WO,2018,5.197183098591549
WO,2018,5.28169014084507
WO,2018,4.866028708133971
WO,2018,4.697428139183056
WO,2018,5.23943661971831
WO,2018,5.552590266875981
WO,2018,4.866028708133971
WO,2018,4.8419452887537995
WO,2018,5.341121495327103
WO,2018,5.594976452119309
WO,2018,4.952153110047847
WO,2018,4.924012158054711
WO,2018,5.130841121495327
WO,2018,5.891679748822606
WO,2018,4.7368421052631575
WO,2018,5.029007633587786
WO,2018,5.316279069767442
WO,2018,5.679748822605966
WO,2018,5.038277511961723
WO,2018,4.946564885496183
WO,2018,5.1069767441860465
WO,2018,5.679748822605966
WO,2018,4.909090909090909
WO,2018,5.235114503816794
WO,2018,5.130841121495327
WO,2018,5.586206896551724
WO,2018,4.822966507177034
WO,2018,5.523664122137404
WO,2018,4.920560747663552
WO,2018,5.670846394984326
HH,2019,5.717156105100464
HH,2019,4.02037617554859
HH,2019,6.014218009478673
HH,2019,5.6521739130434785
HH,2019,5.156832298136647
HH,2019,4.170046801872075
HH,2019,6.257142857142857
HH,2019,5.163009404388715
HH,2019,4.170046801872075
HH,2019,6.287081339712919
HH,2019,4.824451410658307
HH,2019,3.857142857142857
HH,2019,6.373205741626794
HH,2019,4.443573667711599
HH,2019,4.1731066460587325
HH,2019,5.985645933014354
HH,2019,4.443573667711599
HH,2019,4.1731066460587325
HH,2019,6.114832535885167
HH,2019,4.528213166144201
HH,2019,4.486024844720497
HH,2019,5.742857142857143
HH,2019,4.4858934169279
HH,2019,4.527950310559007
HH,2019,5.899521531100478
HH,2019,4.422047244094489
HH,2019,4.673879443585781
HH,2019,5.856459330143541
HH,2019,4.039370078740157
HH,2019,5.0729813664596275
HH,2019,5.684210526315789
HH,2019,4.101265822784811
HH,2019,5.0729813664596275
HH,2019,5.813397129186603
HH,2019,3.7125
HH,2019,5.179245283018868
HH,2019,5.856459330143541
HH,2019,3.317262830482115
HH,2019,5.476415094339623
HH,2019,5.511961722488039
HH,2019,3.4012441679626746
HH,2019,5.619718309859155
HH,2019,5.668269230769231
HH,2019,3.443234836702955
HH,2019,5.704225352112676
HH,2019,5.625
HH,2019,3.301857585139319
HH,2019,5.525581395348837
HH,2019,6.190243902439025
HH,2019,3.297709923664122
HH,2019,5.661971830985915
HH,2019,6.014634146341463
HH,2019,3.1740458015267174
HH,2019,5.900943396226415
HH,2019,5.941747572815534
HH,2019,3.4946070878274265
HH,2019,5.731132075471698
HH,2019,5.898058252427185
HH,2019,3.4946070878274265
HH,2019,5.928909952606635
HH,2019,5.6521739130434785
HH,2019,3.636222910216718
HH,2019,5.688679245283019
HH,2019,5.810679611650485
HH,2019,3.905132192846034
HH,2019,5.915492957746479
HH,2019,5.487804878048781
HH,2019,4.05
HH,2019,5.845794392523365
HH,2019,5.619512195121951
HH,2019,3.947122861586314
HH,2019,5.957746478873239
HH,2019,5.330097087378641
HT,2019,5.027287319422151
HT,2019,3.6624605678233437
HT,2019,4.9714285714285715
HT,2019,4.41588785046729
HT,2019,4.807631160572337
HT,2019,3.679873217115689
HT,2019,4.757142857142857
HT,2019,4.528481012658228
HT,2019,3.9984076433121016
HT,2019,4.478672985781991
HT,2019,4.379527559055118
HT,2019,3.912420382165605
HT,2019,4.8428571428571425
HT,2019,4.251968503937008
HT,2019,3.8694267515923566
HT,2019,4.8428571428571425
HT,2019,3.9357366771159876
HT,2019,3.9743999999999997
HT,2019,4.563981042654029
HT,2019,4.039370078740157
HT,2019,4.127388535031847
HT,2019,4.990521327014218
HT,2019,3.699212598425197
HT,2019,4.4496
HT,2019,4.797169811320755
HT,2019,3.741732283464567
HT,2019,4.731511254019292
HT,2019,4.52112676056338
HT,2019,3.656692913385827
HT,2019,4.88529886914378
HT,2019,4.373831775700935
HT,2019,3.681818181818182
HT,2019,4.810593900481541
HT,2019,4.358934169278997
HT,2019,3.5382215288611545
HT,2019,4.637239165329053
HT,2019,4.507086614173229
HT,2019,3.7009345794392523
HT,2019,4.680577849117175
HT,2019,4.3370078740157485
HT,2019,3.8093023255813954
HT,2019,4.897271268057785
HT,2019,3.9543307086614177
HT,2019,3.8930232558139535
HT,2019,4.810593900481541
HT,2019,4.209448818897638
HT,2019,3.7850467289719627
HT,2019,4.744408945686901
HT,2019,4.209448818897638
HT,2019,3.5859375
HT,2019,4.85828025477707
HT,2019,4.06269592476489
HT,2019,3.6028257456828885
HT,2019,4.8
HT,2019,4.014084507042254
HT,2019,3.390894819466248
HT,2019,4.952153110047847
HT,2019,4.394366197183099
HT,2019,3.2213500784929354
HT,2019,4.822966507177034
HT,2019,4.627358490566038
HT,2019,3.0518053375196232
HT,2019,5.167464114832536
HT,2019,4.3534883720930235
HT,2019,3.364353312302839
HT,2019,5.1
HT,2019,4.373831775700935
HT,2019,3.534700315457413
HT,2019,4.734597156398104
HT,2019,4.52112676056338
HT,2019,3.6198738170347
HT,2019,4.777251184834123
HT,2019,4.47887323943662
KT,2019,4.486024844720497
KT,2019,5.280757097791798
KT,2019,3.8512269938650303
KT,2019,3.641860465116279
KT,2019,4.576982892690513
KT,2019,5.134706814580031
KT,2019,3.874809160305343
KT,2019,4.493001555209953
KT,2019,5.460191082802548
KT,2019,3.734042553191489
KT,2019,4.3885448916408665
KT,2019,5.59967845659164
KT,2019,3.9621785173978816
KT,2019,4.534992223950233
KT,2019,5.2703999999999995
KT,2019,4.043872919818456
KT,2019,4.9359375
KT,2019,5.11624203821656
KT,2019,3.9621785173978816
KT,2019,5.552590266875981
KT,2019,4.492868462757528
KT,2019,3.880484114977307
KT,2019,5.493690851735016
KT,2019,4.660964230171073
KT,2019,3.6855828220858893
KT,2019,5.365659777424484
KT,2019,4.493001555209953
KT,2019,3.726993865030675
KT,2019,5.323343848580441
KT,2019,4.422776911076443
KT,2019,3.6855828220858893
KT,2019,5.171114599686028
KT,2019,4.422776911076443
KT,2019,3.827426810477658
KT,2019,5.171114599686028
KT,2019,4.381761978361669
KT,2019,4.05
KT,2019,5.036050156739812
KT,2019,4.21483771251932
KT,2019,4.026687598116169
KT,2019,5.120689655172414
KT,2019,3.8630769230769233
KT,2019,4.196232339089482
KT,2019,5.4
KT,2019,3.6385911179173047
KT,2019,4.323390894819466
KT,2019,5.536277602523659
KT,2019,3.467889908256881
KT,2019,4.471608832807571
KT,2019,5.025236593059937
KT,2019,3.7511450381679388
KT,2019,4.137440758293839
KT,2019,4.854889589905363
KT,2019,3.7923664122137404
KT,2019,4.052132701421801
KT,2019,4.641955835962145
KT,2019,4.2870229007633585
KT,2019,3.650943396226415
KT,2019,5.0678233438485805
KT,2019,3.916030534351145
KT,2019,3.5235849056603774
KT,2019,5.280757097791798
KT,2019,4.0996932515337425
KT,2019,3.1267605633802815
KT,2019,5.323343848580441
KT,2019,4.182515337423313
KT,2019,3.3380281690140845
KT,2019,5.562599049128368
KT,2019,3.916030534351145
KT,2019,3.380281690140845
KT,2019,5.263074484944532
KT,2019,3.709923664122137
KT,2019,3.375
LG,2019,4.137440758293839
LG,2019,2.944700460829493
LG,2019,5.118483412322274
LG,2019,5.197183098591549
LG,2019,4.0947867298578196
LG,2019,3.0276497695852536
LG,2019,5.033175355450237
LG,2019,4.1571428571428575
LG,2019,3.1788990825688073
LG,2019,4.9052132701421804
LG,2019,4.242857142857143
LG,2019,3.096330275229358
LG,2019,5.118483412322274
LG,2019,4.328571428571428
LG,2019,3.302752293577982
LG,2019,5.033175355450237
LG,2019,4.392344497607655
LG,2019,3.5342465753424657
LG,2019,5.075829383886256
LG,2019,4.173913043478261
LG,2019,3.73972602739726
LG,2019,4.862559241706161
LG,2019,4.217391304347826
LG,2019,3.73972602739726
LG,2019,4.9052132701421804
LG,2019,4.130434782608695
LG,2019,3.73972602739726
LG,2019,5.228571428571429
LG,2019,3.8509615384615383
LG,2019,4.087155963302752
LG,2019,5.314285714285714
LG,2019,3.875598086124402
LG,2019,4.004587155963303
LG,2019,5.331753554502369
LG,2019,3.6
LG,2019,3.8394495412844036
LG,2019,5.4170616113744074
LG,2019,3.2142857142857144
LG,2019,3.9220183486238533
LG,2019,5.4170616113744074
LG,2019,3.071090047393365
LG,2019,4.064516129032258
LG,2019,5.433962264150943
LG,2019,3.028436018957346
LG,2019,4.313364055299539
LG,2019,5.704225352112676
LG,2019,3.028436018957346
LG,2019,4.645161290322581
LG,2019,5.64622641509434
LG,2019,2.9577464788732395
LG,2019,4.855813953488372
LG,2019,5.7156398104265405
LG,2019,2.9583333333333335
LG,2019,5.221698113207547
LG,2019,5.4170616113744074
LG,2019,2.889908256880734
LG,2019,5.374407582938389
LG,2019,5.246445497630332
LG,2019,2.618181818181818
LG,2019,5.4
LG,2019,5.331753554502369
LG,2019,2.7945205479452055
LG,2019,5.118483412322274
LG,2019,5.545023696682464
LG,2019,2.3835616438356166
LG,2019,5.442857142857143
LG,2019,5.179245283018868
LG,2019,2.353211009174312
LG,2019,5.571428571428571
LG,2019,5.154929577464789
LG,2019,2.7788018433179724
LG,2019,5.246445497630332
LG,2019,5.23943661971831
LT,2019,6.696682464454977
LT,2019,3.8277439024390247
LT,2019,4.6993670886075956
LT,2019,4.563981042654029
LT,2019,6.686119873817034
LT,2019,3.756880733944954
LT,2019,4.649289099526066
LT,2019,6.792993630573248
LT,2019,3.8219178082191783
LT,2019,4.671428571428572
LT,2019,6.54675118858954
LT,2019,3.6986301369863015
LT,2019,4.8
LT,2019,6.430599369085173
LT,2019,3.5342465753424657
LT,2019,4.928571428571429
LT,2019,6.527472527472527
LT,2019,3.364864864864865
LT,2019,4.695652173913044
LT,2019,6.612244897959183
LT,2019,3.5675675675675675
LT,2019,4.521739130434782
LT,2019,6.600946372239747
LT,2019,3.324324324324324
LT,2019,5.0625
LT,2019,6.5232
LT,2019,3.2432432432432434
LT,2019,5.0625
LT,2019,6.0912
LT,2019,3.2027027027027026
LT,2019,5.149038461538462
LT,2019,5.7456
LT,2019,3.420814479638009
LT,2019,5.149038461538462
LT,2019,5.9616
LT,2019,3.4363636363636365
LT,2019,4.975961538461538
LT,2019,5.66403785488959
LT,2019,3.7327188940092166
LT,2019,4.822966507177034
LT,2019,5.679748822605966
LT,2019,4.083333333333333
LT,2019,4.457142857142857
LT,2019,5.552590266875981
LT,2019,4.227906976744186
LT,2019,4.393364928909953
LT,2019,5.451104100946372
LT,2019,4.3534883720930235
LT,2019,4.245283018867925
LT,2019,5.238170347003154
LT,2019,4.208333333333333
LT,2019,4.521327014218009
LT,2019,4.987261146496815
LT,2019,4.271889400921659
LT,2019,4.585714285714285
LT,2019,4.959183673469387
LT,2019,4.331775700934579
LT,2019,4.779904306220096
LT,2019,4.985915492957746
LT,2019,4.3453124999999995
LT,2019,4.759615384615385
LT,2019,4.970358814352575
LT,2019,4.570532915360502
LT,2019,4.608695652173913
LT,2019,4.695652173913044
LT,2019,4.677165354330709
LT,2019,4.563981042654029
LT,2019,4.340030911901082
LT,2019,4.5496062992125985
LT,2019,4.819905213270142
LT,2019,4.070769230769231
LT,2019,4.762204724409449
LT,2019,4.649289099526066
NC,2019,3.971830985915493
NC,2019,4.650717703349282
NC,2019,4.7048665620094186
NC,2019,3.474418604651163
NC,2019,3.869158878504673
NC,2019,5.1923076923076925
NC,2019,4.0921875
NC,2019,3.911214953271028
NC,2019,5.260869565217392
NC,2019,4.2410575427682735
NC,2019,4.121495327102804
NC,2019,5.130434782608695
NC,2019,4.157076205287714
NC,2019,4.205607476635514
NC,2019,5.242718446601942
NC,2019,4.058282208588957
NC,2019,4.41588785046729
NC,2019,5.461165048543689
NC,2019,3.702619414483821
NC,2019,4.395348837209302
NC,2019,5.461165048543689
NC,2019,3.552631578947368
NC,2019,4.562790697674418
NC,2019,5.330097087378641
NC,2019,3.297709923664122
NC,2019,4.606635071090047
NC,2019,5.217391304347826
NC,2019,3.3389312977099235
NC,2019,4.5
NC,2019,5.173913043478261
NC,2019,3.2677760968229954
NC,2019,4.5
NC,2019,5.304347826086956
NC,2019,3.2677760968229954
NC,2019,4.521531100478469
NC,2019,5.278846153846154
NC,2019,3.1860816944024206
NC,2019,4.478468899521531
NC,2019,5.253588516746412
NC,2019,3.145234493192133
NC,2019,4.650717703349282
NC,2019,4.943661971830986
NC,2019,3.453004622496148
NC,2019,4.414285714285715
NC,2019,5.070422535211268
NC,2019,3.469040247678018
NC,2019,4.114285714285714
NC,2019,5.09433962264151
NC,2019,3.552631578947368
NC,2019,3.7285714285714286
NC,2019,4.966981132075472
NC,2019,3.552631578947368
NC,2019,3.9668246445497632
NC,2019,4.947867298578199
NC,2019,3.3854489164086687
NC,2019,4.056338028169014
NC,2019,5.167464114832536
NC,2019,3.092879256965944
NC,2019,3.8028169014084505
NC,2019,5.253588516746412
NC,2019,2.9674922600619196
NC,2019,4.033018867924528
NC,2019,5.014285714285714
NC,2019,3.233281493001555
NC,2019,4.0947867298578196
NC,2019,4.9052132701421804
NC,2019,3.317262830482115
NC,2019,4.242857142857143
NC,2019,4.839622641509434
NC,2019,3.375
NC,2019,4.650717703349282
NC,2019,4.577708006279435
NC,2019,3.322429906542056
OB,2019,3.018633540372671
OB,2019,3.8692913385826775
OB,2019,3.971830985915493
OB,2019,3.650943396226415
OB,2019,3.2433697347893915
OB,2019,3.8510971786833856
OB,2019,3.9295774647887325
OB,2019,3.2586206896551726
OB,2019,3.7067082683307335
OB,2019,3.971830985915493
OB,2019,3.02803738317757
OB,2019,3.6703124999999996
OB,2019,3.9295774647887325
OB,2019,2.9302325581395348
OB,2019,4.153846153846153
OB,2019,3.676056338028169
OB,2019,2.7627906976744185
OB,2019,4.173501577287066
OB,2019,3.5833333333333335
OB,2019,2.8046511627906976
OB,2019,4.27892234548336
OB,2019,3.5
OB,2019,2.7627906976744185
OB,2019,4.686305732484076
OB,2019,3.4166666666666665
OB,2019,2.695852534562212
OB,2019,4.7088
OB,2019,3.5
OB,2019,2.5596330275229358
OB,2019,4.752
OB,2019,3.7083333333333335
OB,2019,2.5260736196319016
OB,2019,4.779904306220096
OB,2019,3.625
OB,2019,2.99537750385208
OB,2019,4.285714285714286
OB,2019,3.5833333333333335
OB,2019,3.1201848998459165
OB,2019,4.349282296650718
OB,2019,3.7916666666666665
OB,2019,3.1617873651771955
OB,2019,4.30622009569378
OB,2019,4.041666666666667
OB,2019,3.2033898305084745
OB,2019,4.177033492822966
OB,2019,4.083333333333333
OB,2019,3.719814241486068
OB,2019,3.9857142857142858
OB,2019,3.9348837209302325
OB,2019,3.552631578947368
OB,2019,4.114285714285714
OB,2019,3.9348837209302325
OB,2019,3.2967542503863987
OB,2019,4.014084507042254
OB,2019,3.8632075471698113
OB,2019,3.421947449768161
OB,2019,4.056338028169014
OB,2019,3.8207547169811322
OB,2019,3.5217391304347827
OB,2019,3.9953271028037385
OB,2019,3.838862559241706
OB,2019,3.622464898595944
OB,2019,3.8028169014084505
OB,2019,3.8207547169811322
OB,2019,3.664586583463339
OB,2019,3.8028169014084505
OB,2019,3.9056603773584904
OB,2019,3.748829953198128
OB,2019,3.7183098591549295
OB,2019,3.990566037735849
OB,2019,3.875195007800312
OB,2019,3.8450704225352115
OB,2019,3.7783018867924527
SK,2019,3.780821917808219
SK,2019,2.795981452859351
SK,2019,3.4892307692307694
SK,2019,3.1186708860759493
SK,2019,3.73972602739726
SK,2019,2.8377125193199384
SK,2019,3.696923076923077
SK,2019,3.5723076923076924
SK,2019,3.097674418604651
SK,2019,3.349157733537519
SK,2019,3.58887171561051
SK,2019,3.055813953488372
SK,2019,3.30781010719755
SK,2019,4.024844720496895
SK,2019,2.625
SK,2019,3.390505359877489
SK,2019,3.9829192546583854
SK,2019,2.7083333333333335
SK,2019,3.5558958652373662
SK,2019,3.9829192546583854
SK,2019,2.7916666666666665
SK,2019,3.514548238897397
SK,2019,3.6055900621118013
SK,2019,2.7083333333333335
SK,2019,3.349157733537519
SK,2019,3.672333848531685
SK,2019,2.8598130841121496
SK,2019,3.4732006125574273
SK,2019,3.2967542503863987
SK,2019,3.211267605633803
SK,2019,3.2103658536585367
SK,2019,3.2550231839258115
SK,2019,3.211267605633803
SK,2019,3.0457317073170733
SK,2019,3.171561051004637
SK,2019,3.1690140845070425
SK,2019,3.0045731707317076
SK,2019,3.088098918083462
SK,2019,3.3380281690140845
SK,2019,3.0137614678899083
SK,2019,3.088098918083462
SK,2019,3.507042253521127
SK,2019,2.7660550458715596
SK,2019,3.270186335403727
SK,2019,3.364485981308411
SK,2019,2.8202764976958523
SK,2019,3.0597243491577335
SK,2019,3.3696682464454977
SK,2019,2.8202764976958523
SK,2019,3.0183767228177643
SK,2019,3.5437499999999997
SK,2019,2.8509316770186337
SK,2019,3.2664624808575806
SK,2019,3.186335403726708
SK,2019,2.835423197492163
SK,2019,3.1837672281776417
SK,2019,3.186335403726708
SK,2019,3.146456692913386
SK,2019,2.9222560975609757
SK,2019,3.186335403726708
SK,2019,3.375
SK,2019,3.0183767228177643
SK,2019,3.088098918083462
SK,2019,3.2895569620253164
SK,2019,2.9222560975609757
SK,2019,3.088098918083462
SK,2019,3.3322784810126582
SK,2019,2.798780487804878
SK,2019,3.2550231839258115
SK,2019,3.4177215189873418
SK,2019,2.7
SK,2019,3.171561051004637
SK,2019,3.5031645569620253
SS,2019,4.188940092165899
SS,2019,4.274294670846396
SS,2019,4.822966507177034
SS,2019,5.668740279937792
SS,2019,4.2304147465437785
SS,2019,4.697492163009405
SS,2019,4.478468899521531
SS,2019,4.311627906976744
SS,2019,4.358934169278997
SS,2019,4.478468899521531
SS,2019,4.457943925233645
SS,2019,4.251968503937008
SS,2019,4.585714285714285
SS,2019,4.331775700934579
SS,2019,4.3370078740157485
SS,2019,4.757142857142857
SS,2019,4.394366197183099
SS,2019,4.274294670846396
SS,2019,5.253588516746412
SS,2019,4.331775700934579
SS,2019,4.528213166144201
SS,2019,4.909090909090909
SS,2019,4.289719626168225
SS,2019,4.612852664576803
SS,2019,4.812302839116719
SS,2019,4.289719626168225
SS,2019,4.801872074882995
SS,2019,4.599369085173501
SS,2019,4.163551401869159
SS,2019,4.801872074882995
SS,2019,4.620094191522763
SS,2019,4.247663551401869
SS,2019,4.824451410658307
SS,2019,4.725
SS,2019,3.7674418604651163
SS,2019,5.017322834645669
SS,2019,4.618973561430793
SS,2019,3.7674418604651163
SS,2019,5.212025316455696
SS,2019,4.493001555209953
SS,2019,3.7674418604651163
SS,2019,5.180967238689548
SS,2019,4.920760697305863
SS,2019,3.7327188940092166
SS,2019,5.14488188976378
SS,2019,4.920760697305863
SS,2019,3.5833333333333335
SS,2019,4.951410658307211
SS,2019,5.177496038034865
SS,2019,3.5416666666666665
SS,2019,4.993730407523511
SS,2019,5.134706814580031
SS,2019,3.4485981308411215
SS,2019,4.801872074882995
SS,2019,5.562599049128368
SS,2019,3.608490566037736
SS,2019,4.717628705148206
SS,2019,5.7066246056782335
SS,2019,3.59717868338558
SS,2019,4.690140845070423
SS,2019,5.637362637362637
SS,2019,3.7067082683307335
SS,2019,4.797169811320755
SS,2019,6.2437499999999995
SS,2019,3.9173166926677068
SS,2019,4.777251184834123
SS,2019,5.962674961119751
SS,2019,3.964451313755796
SS,2019,4.909090909090909
SS,2019,5.962674961119751
SS,2019,4.04791344667697
SS,2019,5.038277511961723
SS,2019,5.752721617418351
WO,2019,4.769716088328075
WO,2019,3.647515527950311
WO,2019,2.80188679245283
WO,2019,4.285053929121726
WO,2019,4.789638932496075
WO,2019,3.7732919254658386
WO,2019,2.759433962264151
WO,2019,4.535321821036106
WO,2019,3.68944099378882
WO,2019,2.7169811320754715
WO,2019,4.4929356357927785
WO,2019,3.647515527950311
WO,2019,2.8443396226415096
WO,2019,4.408163265306122
WO,2019,3.5217391304347827
WO,2019,2.8443396226415096
WO,2019,4.450549450549451
WO,2019,3.3540372670807455
WO,2019,3.056603773584906
WO,2019,4.599369085173501
WO,2019,3.144409937888199
WO,2019,3.0
WO,2019,4.606635071090047
WO,2019,3.0700934579439254
WO,2019,2.9018691588785046
WO,2019,4.393364928909953
WO,2019,3.196261682242991
WO,2019,3.2535211267605635
WO,2019,4.4575471698113205
WO,2019,3.574766355140187
WO,2019,2.9577464788732395
WO,2019,4.372641509433962
WO,2019,3.4065420560747666
WO,2019,3.1267605633802815
WO,2019,4.393364928909953
WO,2019,3.390697674418605
WO,2019,3.1690140845070425
WO,2019,4.265402843601896
WO,2019,3.558139534883721
WO,2019,3.211267605633803
WO,2019,4.350710900473934
WO,2019,3.516279069767442
WO,2019,3.2535211267605635
WO,2019,3.924170616113744
WO,2019,3.558139534883721
WO,2019,3.211267605633803
WO,2019,4.180094786729858
WO,2019,3.474418604651163
WO,2019,3.4225352112676055
WO,2019,4.222748815165877
WO,2019,3.432558139534884
WO,2019,3.729984301412873
WO,2019,4.265402843601896
WO,2019,3.2083333333333335
WO,2019,3.6452119309262163
WO,2019,4.350710900473934
WO,2019,3.125
WO,2019,3.6875981161695446
WO,2019,3.94811320754717
WO,2019,3.25
WO,2019,3.729984301412873
WO,2019,3.869158878504673
WO,2019,3.097674418604651
WO,2019,3.984301412872841
WO,2019,3.815217391304348
WO,2019,3.0
WO,2019,4.153846153846153
WO,2019,3.270186335403727
WO,2019,3.0422535211267605
WO,2019,4.281004709576138
WO,2019,3.5636645962732922
WO,2019,2.9292452830188678
WO,2019,4.1343749999999995
HH,2020,6.4387917329093804
HH,2020,4.789638932496075
HH,2020,5.220285261489699
HH,2020,6.019108280254777
HH,2020,4.655172413793104
HH,2020,5.220285261489699
HH,2020,6.134399999999999
HH,2020,4.697492163009405
HH,2020,5.110410094637224
HH,2020,6.077170418006431
HH,2020,4.801872074882995
HH,2020,5.195583596214511
HH,2020,5.643086816720257
HH,2020,4.928237129485179
HH,2020,5.086342229199372
HH,2020,5.365105008077544
HH,2020,4.863354037267081
HH,2020,5.001569858712716
HH,2020,5.245222929936306
HH,2020,4.779503105590062
HH,2020,4.901273885350318
HH,2020,5.091917591125198
HH,2020,4.6465116279069765
HH,2020,4.9952153110047846
HH,2020,4.812302839116719
HH,2020,4.710280373831775
HH,2020,4.8428571428571425
HH,2020,4.789638932496075
HH,2020,4.920560747663552
HH,2020,4.650717703349282
HH,2020,4.747252747252747
HH,2020,4.836448598130841
HH,2020,4.787539936102236
HH,2020,4.535321821036106
HH,2020,4.878504672897196
HH,2020,4.850556438791733
HH,2020,4.812302839116719
HH,2020,4.794392523364486
HH,2020,5.083860759493671
HH,2020,4.556782334384858
HH,2020,5.619718309859155
HH,2020,4.357594936708861
HH,2020,4.535657686212361
HH,2020,5.5514018691588785
HH,2020,4.2294303797468356
HH,2020,4.600318471337579
HH,2020,5.232558139534884
HH,2020,4.464228934817171
HH,2020,4.557324840764331
HH,2020,5.25
HH,2020,4.464228934817171
HH,2020,4.7088
HH,2020,5.1013824884792625
HH,2020,4.421303656597774
HH,2020,4.772292993630573
HH,2020,5.208333333333333
HH,2020,4.143987341772152
HH,2020,4.5784469096671945
HH,2020,5.4
HH,2020,3.9543307086614177
HH,2020,4.784810126582279
HH,2020,5.1069767441860465
HH,2020,4.147335423197492
HH,2020,4.9984177215189876
HH,2020,5.214953271028038
HH,2020,4.254290171606865
HH,2020,5.04113924050633
HH,2020,5.112676056338028
HH,2020,5.126582278481013
HH,2020,4.966981132075472
HT,2020,3.6058631921824107
HT,2020,5.2734375
HT,2020,5.4515103338632755
HT,2020,3.932896890343699
HT,2020,4.912908242612753
HT,2020,5.822683706070288
HT,2020,4.160655737704918
HT,2020,4.695652173913044
HT,2020,5.9089456869009584
HT,2020,4.29344262295082
HT,2020,4.779503105590062
HT,2020,5.736421725239617
HT,2020,4.360522022838499
HT,2020,4.653726708074534
HT,2020,5.6501597444089455
HT,2020,4.383116883116883
HT,2020,4.886115444617785
HT,2020,5.494435612082671
HT,2020,4.4928
HT,2020,4.8275316455696204
HT,2020,5.425632911392405
HT,2020,4.536
HT,2020,4.955696202531646
HT,2020,5.2974683544303796
HT,2020,4.577708006279435
HT,2020,4.955696202531646
HT,2020,5.810126582278481
HT,2020,4.281004709576138
HT,2020,4.93228346456693
HT,2020,5.810126582278481
HT,2020,4.23861852433281
HT,2020,5.05188679245283
HT,2020,5.690966719492868
HT,2020,4.584905660377358
HT,2020,5.110410094637224
HT,2020,5.408517350157728
HT,2020,4.4858934169279
HT,2020,5.621451104100946
HT,2020,4.812302839116719
HT,2020,4.570532915360502
HT,2020,5.621451104100946
HT,2020,5.025236593059937
HT,2020,4.739811912225705
HT,2020,5.4770206022187
HT,2020,4.874411302982732
HT,2020,4.655172413793104
HT,2020,5.690966719492868
HT,2020,5.1287284144427
HT,2020,4.570532915360502
HT,2020,6.038338658146965
HT,2020,4.836448598130841
HT,2020,4.189655172413794
HT,2020,6.124600638977636
HT,2020,4.985915492957746
HT,2020,4.21875
HT,2020,6.154093097913323
HT,2020,5.425233644859813
HT,2020,4.1765625
HT,2020,6.284109149277689
HT,2020,4.115085536547434
HT,2020,6.544141252006421
HT,2020,4.325038880248833
HT,2020,6.426517571884984
HT,2020,4.5140625
HT,2020,6.095389507154214
HT,2020,5.1046875
HT,2020,5.580286168521463
KT,2020,5.254746835443038
KT,2020,4.105990783410138
KT,2020,3.5199386503067482
KT,2020,5.382911392405063
KT,2020,4.208333333333333
KT,2020,3.2564885496183207
KT,2020,4.889763779527559
KT,2020,4.186046511627907
KT,2020,3.462595419847328
KT,2020,4.697492163009405
KT,2020,4.102325581395349
KT,2020,3.809815950920245
KT,2020,5.0625
KT,2020,4.144186046511628
KT,2020,3.405775075987842
KT,2020,5.038880248833593
KT,2020,4.311627906976744
KT,2020,3.545038167938931
KT,2020,4.996889580093312
KT,2020,4.293577981651376
KT,2020,3.863141524105754
KT,2020,4.740458015267175
KT,2020,4.300153139356815
KT,2020,3.7732919254658386
KT,2020,4.845092024539877
KT,2020,3.910060975609756
KT,2020,3.857142857142857
KT,2020,4.740458015267175
KT,2020,3.8689024390243905
KT,2020,4.024844720496895
KT,2020,4.822900763358779
KT,2020,3.7865853658536586
KT,2020,4.108695652173913
KT,2020,4.390577507598784
KT,2020,3.704268292682927
KT,2020,4.108695652173913
KT,2020,4.4931297709923665
KT,2020,3.6385911179173047
KT,2020,3.96937212863706
KT,2020,4.389570552147239
KT,2020,3.6385911179173047
KT,2020,3.9280245022970903
KT,2020,4.329803328290469
KT,2020,3.6055900621118013
KT,2020,3.9280245022970903
KT,2020,4.2870229007633585
KT,2020,3.463678516228748
KT,2020,4.153846153846154
KT,2020,4.306748466257669
KT,2020,3.30781010719755
KT,2020,4.1731066460587325
KT,2020,4.596625766871165
KT,2020,2.990769230769231
KT,2020,4.32
KT,2020,4.5552147239263805
KT,2020,3.091603053435114
KT,2020,4.227906976744186
KT,2020,4.513803680981595
KT,2020,3.215267175572519
KT,2020,4.144186046511628
KT,2020,4.596625766871165
KT,2020,3.2300613496932513
KT,2020,4.369465648854962
KT,2020,3.2714723926380365
KT,2020,4.32824427480916
KT,2020,3.312883435582822
KT,2020,4.163358778625954
KT,2020,3.3957055214723924
LG,2020,4.796324655436448
LG,2020,4.989130434782609
LG,2020,3.911214953271028
LG,2020,4.754977029096478
LG,2020,4.821428571428572
LG,2020,3.869158878504673
LG,2020,4.897865853658537
LG,2020,4.801872074882995
LG,2020,3.953271028037383
LG,2020,4.837672281776417
LG,2020,4.757341576506955
LG,2020,3.9400921658986174
LG,2020,4.853474320241692
LG,2020,5.09433962264151
LG,2020,3.426605504587156
LG,2020,4.935045317220544
LG,2020,5.05188679245283
LG,2020,3.857142857142857
LG,2020,5.103658536585366
LG,2020,4.9245283018867925
LG,2020,3.6912442396313363
LG,2020,5.2682926829268295
LG,2020,4.777251184834123
LG,2020,3.6743119266055047
LG,2020,5.416539050535988
LG,2020,4.839622641509434
LG,2020,3.6743119266055047
LG,2020,5.856923076923077
LG,2020,4.330188679245283
LG,2020,3.8807339449541285
LG,2020,5.735963581183611
LG,2020,4.220095693779904
LG,2020,4.2110091743119265
LG,2020,5.679878048780488
LG,2020,4.2
LG,2020,4.280487804878049
LG,2020,5.597560975609756
LG,2020,4.242857142857143
LG,2020,4.321646341463415
LG,2020,5.912710566615621
LG,2020,4.0947867298578196
LG,2020,4.157012195121951
LG,2020,5.664624808575804
LG,2020,4.287735849056604
LG,2020,4.093415007656968
LG,2020,4.961715160796325
LG,2020,4.287735849056604
LG,2020,4.300153139356815
LG,2020,4.713629402756508
LG,2020,4.478672985781991
LG,2020,4.2870229007633585
LG,2020,5.026153846153846
LG,2020,4.160377358490566
LG,2020,4.245801526717557
LG,2020,4.776923076923077
LG,2020,4.202830188679245
LG,2020,4.204580152671755
LG,2020,4.882534775888717
LG,2020,4.098591549295775
LG,2020,4.513803680981595
LG,2020,4.673879443585781
LG,2020,4.160377358490566
LG,2020,4.5552147239263805
LG,2020,4.693846153846154
LG,2020,4.0754716981132075
LG,2020,4.389570552147239
LG,2020,4.943076923076923
LG,2020,3.8207547169811322
LG,2020,4.984615384615385
LG,2020,3.953271028037383
LT,2020,4.464898595943838
LT,2020,4.444099378881988
LT,2020,4.742088607594937
LT,2020,4.192546583850932
LT,2020,4.4021739130434785
LT,2020,4.784810126582279
LT,2020,4.04791344667697
LT,2020,4.357594936708861
LT,2020,5.096723868954759
LT,2020,4.131375579598146
LT,2020,4.272151898734178
LT,2020,5.114906832298137
LT,2020,4.293577981651376
LT,2020,4.4928
LT,2020,5.0729813664596275
LT,2020,4.293577981651376
LT,2020,4.4064
LT,2020,5.198757763975156
LT,2020,4.2110091743119265
LT,2020,4.4928
LT,2020,5.138845553822153
LT,2020,4.458715596330276
LT,2020,4.4496
LT,2020,5.036050156739812
LT,2020,4.458715596330276
LT,2020,4.7951999999999995
LT,2020,4.909090909090909
LT,2020,4.382848392036753
LT,2020,4.924799999999999
LT,2020,4.824451410658307
LT,2020,4.506891271056662
LT,2020,4.752
LT,2020,5.017322834645669
LT,2020,4.486280487804878
LT,2020,4.3701923076923075
LT,2020,5.09433962264151
LT,2020,4.961715160796325
LT,2020,3.789473684210526
LT,2020,5.05188679245283
LT,2020,5.0107361963190185
LT,2020,3.557142857142857
LT,2020,5.349056603773585
LT,2020,4.935483870967742
LT,2020,3.942857142857143
LT,2020,5.179245283018868
LT,2020,4.924265842349305
LT,2020,3.6313291139240507
LT,2020,5.136792452830188
LT,2020,5.0077279752704795
LT,2020,3.930379746835443
LT,2020,5.136792452830188
LT,2020,4.984615384615385
LT,2020,4.101265822784811
LT,2020,5.161137440758294
LT,2020,5.216383307573416
LT,2020,4.039370078740157
LT,2020,5.102362204724409
LT,2020,5.324534161490684
LT,2020,3.7842519685039373
LT,2020,5.14488188976378
LT,2020,5.156832298136647
LT,2020,4.0585443037974684
LT,2020,5.156832298136647
LT,2020,4.101265822784811
LT,2020,4.866771159874609
LT,2020,4.314873417721519
LT,2020,4.633385335413417
LT,2020,4.613924050632912
NC,2020,5.4
NC,2020,4.731117824773414
NC,2020,4.816901408450704
NC,2020,5.4837209302325585
NC,2020,4.4864048338368585
NC,2020,5.009433962264151
NC,2020,5.818604651162791
NC,2020,4.3019726858877085
NC,2020,4.943661971830986
NC,2020,5.818604651162791
NC,2020,4.2610015174506835
NC,2020,5.172897196261682
NC,2020,5.986046511627907
NC,2020,4.362804878048781
NC,2020,5.148837209302326
NC,2020,6.069767441860465
NC,2020,4.280487804878049
NC,2020,5.1069767441860465
NC,2020,5.88785046728972
NC,2020,4.5477996965098635
NC,2020,5.1069767441860465
NC,2020,5.593457943925234
NC,2020,4.998482549317147
NC,2020,4.730232558139535
NC,2020,5.4672897196261685
NC,2020,5.039453717754173
NC,2020,4.836448598130841
NC,2020,5.583333333333333
NC,2020,4.901538461538462
NC,2020,4.920560747663552
NC,2020,5.1069767441860465
NC,2020,4.879019908116386
NC,2020,4.710280373831775
NC,2020,5.214953271028038
NC,2020,4.609756097560976
NC,2020,4.878504672897196
NC,2020,4.93953488372093
NC,2020,4.733231707317073
NC,2020,4.943661971830986
NC,2020,4.684931506849315
NC,2020,5.114906832298137
NC,2020,4.58411214953271
NC,2020,4.684931506849315
NC,2020,5.433697347893916
NC,2020,4.311627906976744
NC,2020,4.602739726027397
NC,2020,5.4758190327613105
NC,2020,4.269767441860465
NC,2020,4.5
NC,2020,5.501567398119122
NC,2020,4.3534883720930235
NC,2020,4.418181818181818
NC,2020,5.543887147335424
NC,2020,4.604651162790698
NC,2020,4.6438356164383565
NC,2020,5.728549141965678
NC,2020,4.186046511627907
NC,2020,4.109589041095891
NC,2020,5.785714285714286
NC,2020,4.018604651162791
NC,2020,4.445121951219512
NC,2020,5.4837209302325585
NC,2020,4.2200303490136575
NC,2020,5.274418604651163
NC,2020,4.649546827794562
NC,2020,5.070422535211268
NC,2020,4.506766917293233
NC,2020,4.9952153110047846
OB,2020,4.721780604133546
OB,2020,4.816901408450704
OB,2020,3.628125
OB,2020,4.656645569620253
OB,2020,4.791666666666667
OB,2020,3.9554140127388533
OB,2020,4.764705882352941
OB,2020,4.6036866359447
OB,2020,4.1903999999999995
OB,2020,4.807631160572337
OB,2020,4.617873651771957
OB,2020,4.177033492822966
OB,2020,4.9364069952305245
OB,2020,4.451463790446841
OB,2020,4.090909090909091
OB,2020,5.022257551669316
OB,2020,4.49306625577812
OB,2020,3.875598086124402
OB,2020,4.742088607594937
OB,2020,4.3453124999999995
OB,2020,3.869158878504673
OB,2020,5.04113924050633
OB,2020,4.05
OB,2020,3.9953271028037385
OB,2020,4.719685039370079
OB,2020,4.3875
OB,2020,3.76056338028169
OB,2020,4.889763779527559
OB,2020,4.323390894819466
OB,2020,3.815668202764977
OB,2020,4.777251184834123
OB,2020,4.243451463790446
OB,2020,3.8271028037383177
OB,2020,5.09433962264151
OB,2020,3.9522342064714944
OB,2020,3.8271028037383177
OB,2020,5.05188679245283
OB,2020,3.9522342064714944
OB,2020,3.887323943661972
OB,2020,4.839622641509434
OB,2020,3.9938366718027734
OB,2020,3.989113530326594
OB,2020,4.947867298578199
OB,2020,4.11864406779661
OB,2020,4.095975232198143
OB,2020,4.563981042654029
OB,2020,4.368258859784284
OB,2020,4.054179566563468
OB,2020,4.649289099526066
OB,2020,4.201848998459168
OB,2020,4.283048211508554
OB,2020,4.649289099526066
OB,2020,4.201848998459168
OB,2020,4.5140625
OB,2020,4.9052132701421804
OB,2020,3.9106317411402154
OB,2020,4.471875
OB,2020,4.777251184834123
OB,2020,4.054179566563468
OB,2020,4.325038880248833
OB,2020,4.584905660377358
OB,2020,4.263157894736842
OB,2020,4.031104199066874
OB,2020,4.4575471698113205
OB,2020,4.409020217729394
OB,2020,4.669811320754717
OB,2020,4.2410575427682735
OB,2020,4.9052132701421804
OB,2020,3.989113530326594
SK,2020,4.684542586750789
SK,2020,6.4799999999999995
SK,2020,6.518760195758564
SK,2020,6.340255591054313
SK,2020,4.556782334384858
SK,2020,6.739199999999999
SK,2020,6.342577487765089
SK,2020,4.386435331230284
SK,2020,6.9552
SK,2020,6.311688311688312
SK,2020,4.528481012658228
SK,2020,7.105263157894737
SK,2020,6.254486133768352
SK,2020,4.764705882352941
SK,2020,6.942857142857143
SK,2020,6.462295081967213
SK,2020,4.764705882352941
SK,2020,7.071428571428571
SK,2020,6.517241379310345
SK,2020,4.916932907348243
SK,2020,6.942857142857143
SK,2020,6.683168316831683
SK,2020,4.850556438791733
SK,2020,7.077669902912621
SK,2020,6.892682926829268
SK,2020,4.9984177215189876
SK,2020,7.024390243902439
SK,2020,7.296116504854369
SK,2020,4.893481717011129
SK,2020,6.902912621359223
SK,2020,7.733009708737864
SK,2020,4.9364069952305245
SK,2020,7.033980582524272
SK,2020,7.514563106796117
SK,2020,5.003194888178914
SK,2020,7.153473344103392
SK,2020,7.316129032258065
SK,2020,5.113964686998395
SK,2020,7.319805194805195
SK,2020,6.890850722311397
SK,2020,5.251215559157212
SK,2020,7.363636363636363
SK,2020,6.555910543130991
SK,2020,5.232899022801303
SK,2020,7.284329563812601
SK,2020,6.4696485623003195
SK,2020,5.5227272727272725
SK,2020,7.066235864297253
SK,2020,6.555910543130991
SK,2020,5.277867528271405
SK,2020,7.109854604200323
SK,2020,6.4696485623003195
SK,2020,5.078778135048231
SK,2020,7.197092084006462
SK,2020,6.642172523961662
SK,2020,5.035369774919614
SK,2020,7.153473344103392
SK,2020,6.4696485623003195
SK,2020,4.60128617363344
SK,2020,7.284329563812601
SK,2020,6.426517571884984
SK,2020,4.77491961414791
SK,2020,7.415185783521809
SK,2020,6.457463884430177
SK,2020,4.991961414790997
SK,2020,7.363636363636363
SK,2020,6.587479935794543
SK,2020,5.946945337620578
SK,2020,6.487012987012987
SK,2020,6.706451612903226
SK,2020,6.294212218649517
SK,2020,6.487012987012987
SK,2020,6.383386581469649
SS,2020,4.071428571428571
SS,2020,5.542768273716952
SS,2020,4.631067961165049
SS,2020,4.114285714285714
SS,2020,5.642414860681114
SS,2020,4.741463414634146
SS,2020,3.9
SS,2020,5.684210526315789
SS,2020,4.873170731707317
SS,2020,3.625592417061611
SS,2020,5.6267496111975115
SS,2020,4.980582524271845
SS,2020,3.7535545023696684
SS,2020,5.542768273716952
SS,2020,4.889423076923077
SS,2020,3.683720930232558
SS,2020,5.365930599369085
SS,2020,5.0625
SS,2020,3.9767441860465116
SS,2020,5.252411575562701
SS,2020,5.179245283018868
SS,2020,3.8511627906976744
SS,2020,5.42604501607717
SS,2020,5.502369668246446
SS,2020,4.121495327102804
SS,2020,5.7456
SS,2020,5.4
SS,2020,4.183098591549296
SS,2020,5.632165605095541
SS,2020,5.357142857142857
SS,2020,4.372641509433962
SS,2020,5.3486529318541995
SS,2020,5.314285714285714
SS,2020,4.521327014218009
SS,2020,4.8974763406940065
SS,2020,5.314285714285714
SS,2020,4.521327014218009
SS,2020,5.049128367670364
SS,2020,5.6571428571428575
SS,2020,4.606635071090047
SS,2020,5.091917591125198
SS,2020,5.957142857142857
SS,2020,4.777251184834123
SS,2020,5.049128367670364
SS,2020,6.257142857142857
SS,2020,4.754716981132075
SS,2020,4.87797147385103
SS,2020,6.4714285714285715
SS,2020,4.690140845070423
SS,2020,5.159235668789809
SS,2020,6.355450236966824
SS,2020,4.5
SS,2020,5.288216560509554
SS,2020,6.171428571428572
SS,2020,4.576982892690513
SS,2020,5.382775119617225
SS,2020,6.2009569377990434
SS,2020,4.7671874999999995
SS,2020,5.142857142857143
SS,2020,6.144230769230769
SS,2020,4.959183673469387
SS,2020,5.203791469194313
SS,2020,5.927884615384615
SS,2020,4.789638932496075
SS,2020,5.314285714285714
SS,2020,5.684210526315789
SS,2020,4.5984375
SS,2020,5.538461538461538
SS,2020,4.9781249999999995
SS,2020,5.260869565217392
WO,2020,3.3069767441860467
WO,2020,5.971563981042654
WO,2020,3.5288753799392096
WO,2020,4.5
WO,2020,3.3069767441860467
WO,2020,6.014218009478673
WO,2020,3.5699088145896654
WO,2020,4.623853211009174
WO,2020,3.8093023255813954
WO,2020,5.672985781990521
WO,2020,3.5288753799392096
WO,2020,4.6036866359447
WO,2020,3.9348837209302325
WO,2020,5.476415094339623
WO,2020,3.545038167938931
WO,2020,3.857142857142857
WO,2020,5.594976452119309
WO,2020,3.5862595419847327
WO,2020,3.940993788819876
WO,2020,5.425431711145997
WO,2020,3.6687022900763355
WO,2020,4.12792511700468
WO,2020,5.0625
WO,2020,3.709923664122137
WO,2020,4.422776911076443
WO,2020,4.8515625
WO,2020,3.809815950920245
WO,2020,4.569875776397516
WO,2020,4.640625
WO,2020,4.0996932515337425
WO,2020,4.381761978361669
WO,2020,4.5984375
WO,2020,4.348159509202453
WO,2020,4.666666666666667
WO,2020,4.395348837209302
WO,2020,4.7029548989113525
WO,2020,4.813953488372093
WO,2020,4.105990783410138
WO,2020,4.809375
WO,2020,4.981395348837209
WO,2020,3.6743119266055047
WO,2020,4.874411302982732
WO,2020,4.813953488372093
WO,2020,3.857142857142857
WO,2020,4.725
WO,2020,4.855813953488372
WO,2020,3.6912442396313363
WO,2020,4.725
WO,2020,5.214953271028038
WO,2020,3.442396313364055
WO,2020,4.742681047765793
WO,2020,5.661971830985915
WO,2020,3.193548387096774
WO,2020,4.845092024539877
WO,2020,5.619718309859155
WO,2020,3.2764976958525347
WO,2020,5.052147239263803
WO,2020,5.731132075471698
WO,2020,3.302752293577982
WO,2020,4.927914110429447
WO,2020,5.886255924170616
WO,2020,3.328767123287671
WO,2020,4.679447852760736
WO,2020,5.971563981042654
WO,2020,3.2054794520547945
WO,2020,4.886503067484663
WO,2020,6.014218009478673
WO,2020,3.287671232876712
WO,2020,4.950693374422188
WO,2020,5.672985781990521
WO,2020,3.328767123287671
WO,2020,4.909090909090909
WO,2020,5.758293838862559
WO,2020,3.4878419452887535
WO,2020,4.708333333333333
