T_ID,YEAR,AVG
LG,2016,0.30584192439862545
LG,2016,0.2971098265895954
LG,2016,0.29447115384615385
LG,2016,0.2954808806488992
LG,2016,0.302540415704388
LG,2016,0.29779837775202783
LG,2016,0.3051044083526682
LG,2016,0.29398148148148145
LG,2016,0.3090277777777778
LG,2016,0.2929061784897025
LG,2016,0.30994152046783624
LG,2016,0.2910958904109589
LG,2016,0.30859835100117783
LG,2016,0.2927669345579793
LG,2016,0.30859835100117783
LG,2016,0.2895040369088812
LG,2016,0.3102232667450059
LG,2016,0.2860438292964245
LG,2016,0.3133802816901409
LG,2016,0.286536248561565
LG,2016,0.3140495867768595
LG,2016,0.2901376146788991
LG,2016,0.31448763250883394
LG,2016,0.2920962199312715
LG,2016,0.3137485311398355
LG,2016,0.2876712328767123
LG,2016,0.3132387706855792
LG,2016,0.28587962962962965
LG,2016,0.30932703659976385
LG,2016,0.2812135355892649
LG,2016,0.3177022274325909
LG,2016,0.28935185185185186
LG,2016,0.31103286384976525
LG,2016,0.2923433874709977
LG,2016,0.3123543123543124
LG,2016,0.2897196261682243
LG,2016,0.313588850174216
LG,2016,0.28773584905660377
LG,2016,0.31402085747392816
LG,2016,0.2937062937062937
LG,2016,0.3051643192488263
LG,2016,0.2938443670150987
LG,2016,0.3047058823529412
LG,2016,0.2906976744186047
LG,2016,0.30562060889929743
LG,2016,0.28857479387514723
LG,2016,0.3028169014084507
LG,2016,0.2954808806488992
LG,2016,0.2970059880239521
HH,2016,0.28488372093023256
HH,2016,0.3145809414466131
HH,2016,0.2930832356389215
HH,2016,0.2822014051522248
HH,2016,0.3246606334841629
HH,2016,0.2862108922363847
HH,2016,0.3177142857142857
HH,2016,0.29698375870069604
HH,2016,0.31228473019517794
HH,2016,0.2948717948717949
HH,2016,0.317351598173516
HH,2016,0.2961672473867596
HH,2016,0.31833910034602075
HH,2016,0.2997685185185185
HH,2016,0.31530494821634064
HH,2016,0.29638273045507585
HH,2016,0.3142201834862385
HH,2016,0.30127462340672073
HH,2016,0.31228473019517794
HH,2016,0.3032407407407408
HH,2016,0.30919540229885056
HH,2016,0.3079584775086505
HH,2016,0.3017341040462428
HH,2016,0.302540415704388
HH,2016,0.3048498845265589
HH,2016,0.3079584775086505
HH,2016,0.3033448673587082
HH,2016,0.3023255813953488
HH,2016,0.3048498845265589
HH,2016,0.3030998851894374
HH,2016,0.30369515011547343
HH,2016,0.30619266055045874
HH,2016,0.30264672036823936
HH,2016,0.3089244851258581
HH,2016,0.3017341040462428
HH,2016,0.3076923076923077
HH,2016,0.29779837775202783
HH,2016,0.31206496519721577
HH,2016,0.2965116279069768
HH,2016,0.3137931034482759
HH,2016,0.30034924330617
HH,2016,0.3132947976878613
HH,2016,0.29826589595375724
HH,2016,0.3108265424912689
HH,2016,0.3002309468822171
HH,2016,0.31170336037079954
HH,2016,0.2902467685076381
HH,2016,0.3141542002301496
HH,2016,0.2874109263657957
NC,2016,0.2947976878612717
NC,2016,0.28624078624078625
NC,2016,0.2946107784431138
NC,2016,0.29965556831228474
NC,2016,0.28343558282208586
NC,2016,0.29466357308584684
NC,2016,0.2819875776397516
NC,2016,0.2956120092378753
NC,2016,0.28074534161490683
NC,2016,0.2947976878612717
NC,2016,0.281134401972873
NC,2016,0.2878965922444183
NC,2016,0.2878048780487805
NC,2016,0.2841981132075472
NC,2016,0.2900485436893204
NC,2016,0.2840095465393795
NC,2016,0.2932692307692308
NC,2016,0.28053204353083433
NC,2016,0.2894736842105263
NC,2016,0.2749391727493917
NC,2016,0.296076099881094
NC,2016,0.27912621359223305
NC,2016,0.2972651605231867
NC,2016,0.27383863080684595
NC,2016,0.2932061978545888
NC,2016,0.2663378545006165
NC,2016,0.29940828402366865
NC,2016,0.255
NC,2016,0.2965599051008304
NC,2016,0.26243781094527363
NC,2016,0.29131985731272303
NC,2016,0.2635561160151324
NC,2016,0.2971698113207547
NC,2016,0.26875
NC,2016,0.3019976498237368
NC,2016,0.2730673316708229
NC,2016,0.303886925795053
NC,2016,0.27284105131414266
NC,2016,0.3033838973162194
NC,2016,0.27125
NC,2016,0.3017543859649123
NC,2016,0.27556109725685785
NC,2016,0.2984723854289072
NC,2016,0.2851851851851852
NC,2016,0.29940828402366865
NC,2016,0.2851851851851852
NC,2016,0.298932384341637
NC,2016,0.2855392156862745
NC,2016,0.3004750593824228
HT,2016,0.274251497005988
HT,2016,0.3138602520045819
HT,2016,0.2932862190812721
HT,2016,0.28080568720379145
HT,2016,0.3071593533487298
HT,2016,0.2850412249705536
HT,2016,0.3069767441860465
HT,2016,0.28736964078794897
HT,2016,0.30342384887839435
HT,2016,0.2901734104046243
HT,2016,0.3079625292740047
HT,2016,0.2967667436489607
HT,2016,0.3069767441860465
HT,2016,0.2997685185185185
HT,2016,0.2981220657276995
HT,2016,0.3020594965675057
HT,2016,0.304093567251462
HT,2016,0.3115124153498871
HT,2016,0.30128956623681125
HT,2016,0.3101903695408735
HT,2016,0.30141843971631205
HT,2016,0.308641975308642
HT,2016,0.3049645390070922
HT,2016,0.3016949152542373
HT,2016,0.30924170616113744
HT,2016,0.3027210884353741
HT,2016,0.3073286052009456
HT,2016,0.3001132502831257
HT,2016,0.30669800235017625
HT,2016,0.3031674208144796
HT,2016,0.3127187864644108
HT,2016,0.3041002277904328
HT,2016,0.3075117370892019
HT,2016,0.2947247706422018
HT,2016,0.31388564760793464
HT,2016,0.2963386727688787
HT,2016,0.31103286384976525
HT,2016,0.30227272727272725
HT,2016,0.30317273795534666
HT,2016,0.3064699205448354
HT,2016,0.2987012987012987
HT,2016,0.3105022831050228
HT,2016,0.2966903073286052
HT,2016,0.31285551763367464
HT,2016,0.2850299401197605
HT,2016,0.30549199084668194
HT,2016,0.2880952380952381
HT,2016,0.30751708428246016
HT,2016,0.2916666666666667
SK,2016,0.3035714285714285
SK,2016,0.3080459770114943
SK,2016,0.2860548271752086
SK,2016,0.3091334894613583
SK,2016,0.2991850989522701
SK,2016,0.3087719298245614
SK,2016,0.29789719626168226
SK,2016,0.313588850174216
SK,2016,0.2981220657276995
SK,2016,0.3163972286374134
SK,2016,0.30186480186480186
SK,2016,0.3230240549828179
SK,2016,0.30105017502917153
SK,2016,0.3218785796105384
SK,2016,0.3063583815028902
SK,2016,0.3249714937286203
SK,2016,0.3008130081300813
SK,2016,0.3284090909090909
SK,2016,0.2968568102444703
SK,2016,0.3288288288288289
SK,2016,0.2998833138856476
SK,2016,0.3314606741573033
SK,2016,0.2994152046783626
SK,2016,0.33221850613154963
SK,2016,0.2957244655581948
SK,2016,0.3281423804226919
SK,2016,0.2974910394265233
SK,2016,0.33
SK,2016,0.2958083832335329
SK,2016,0.32625698324022345
SK,2016,0.3021327014218009
SK,2016,0.31441543700340524
SK,2016,0.3078730904817861
SK,2016,0.30689655172413793
SK,2016,0.30669800235017625
SK,2016,0.312
SK,2016,0.29976303317535546
SK,2016,0.31548974943052394
SK,2016,0.2980997624703088
SK,2016,0.31958762886597936
SK,2016,0.2981220657276995
SK,2016,0.3177142857142857
SK,2016,0.294811320754717
SK,2016,0.31257208765859285
SK,2016,0.29612220916568743
SK,2016,0.3139269406392694
SK,2016,0.28825622775800713
SK,2016,0.31776765375854216
SK,2016,0.2869047619047619
KT,2016,0.2539109506618532
KT,2016,0.26262626262626265
KT,2016,0.281437125748503
KT,2016,0.2575574365175333
KT,2016,0.2609238451935081
KT,2016,0.2605042016806723
KT,2016,0.2596754057428215
KT,2016,0.255729794933655
KT,2016,0.2615769712140175
KT,2016,0.25759416767922233
KT,2016,0.26119402985074625
KT,2016,0.26150121065375304
KT,2016,0.2559300873907616
KT,2016,0.2585365853658537
KT,2016,0.25404732254047324
KT,2016,0.2689987937273824
KT,2016,0.2512437810945274
KT,2016,0.2679425837320574
KT,2016,0.2537313432835821
KT,2016,0.27218934911242604
KT,2016,0.2531017369727047
KT,2016,0.2689075630252101
KT,2016,0.2531017369727047
KT,2016,0.2701080432172869
KT,2016,0.2571428571428571
KT,2016,0.2709832134292566
KT,2016,0.2678132678132678
KT,2016,0.2759856630824373
KT,2016,0.2689486552567237
KT,2016,0.2706586826347305
KT,2016,0.2772397094430993
KT,2016,0.2737094837935174
KT,2016,0.274818401937046
KT,2016,0.2746987951807229
KT,2016,0.2775757575757576
KT,2016,0.26844014510278114
KT,2016,0.2787878787878788
KT,2016,0.2750301568154403
KT,2016,0.2838323353293413
KT,2016,0.28125
KT,2016,0.2767749699157641
KT,2016,0.27932285368802895
KT,2016,0.2745803357314149
KT,2016,0.271712158808933
KT,2016,0.2680288461538461
KT,2016,0.2656641604010025
KT,2016,0.2733812949640288
KT,2016,0.26474278544542035
KT,2016,0.27904191616766466
WO,2016,0.2902843601895735
WO,2016,0.32629107981220656
WO,2016,0.29739776951672864
WO,2016,0.2982248520710059
WO,2016,0.3192488262910798
WO,2016,0.3003533568904594
WO,2016,0.31529411764705884
WO,2016,0.3061465721040189
WO,2016,0.3109540636042403
WO,2016,0.30641330166270786
WO,2016,0.3055885850178359
WO,2016,0.3104265402843602
WO,2016,0.3055885850178359
WO,2016,0.3140495867768595
WO,2016,0.3107947805456702
WO,2016,0.3107947805456702
WO,2016,0.3156654888103652
WO,2016,0.3109540636042403
WO,2016,0.3124260355029585
WO,2016,0.3166069295101553
WO,2016,0.30969267139479906
WO,2016,0.3210463733650416
WO,2016,0.302491103202847
WO,2016,0.31666666666666665
WO,2016,0.3028503562945368
WO,2016,0.3154761904761905
WO,2016,0.3068720379146919
WO,2016,0.3214709371293001
WO,2016,0.30154946364719903
WO,2016,0.3171021377672209
WO,2016,0.2997601918465228
WO,2016,0.32066508313539194
WO,2016,0.2996389891696751
WO,2016,0.3205282112845138
WO,2016,0.2974607013301088
WO,2016,0.3201911589008363
WO,2016,0.2982885085574572
WO,2016,0.3141486810551559
WO,2016,0.298159509202454
WO,2016,0.3085234093637455
WO,2016,0.2995110024449878
WO,2016,0.3112980769230769
WO,2016,0.30424242424242426
WO,2016,0.31904761904761897
WO,2016,0.29411764705882354
WO,2016,0.3201911589008363
WO,2016,0.2926829268292683
WO,2016,0.3219339622641509
WO,2016,0.2941903584672435
LT,2016,0.2908878504672897
LT,2016,0.2852112676056338
LT,2016,0.25625
LT,2016,0.29171528588098017
LT,2016,0.2804733727810651
LT,2016,0.292964244521338
LT,2016,0.2826603325415677
LT,2016,0.29445727482678985
LT,2016,0.2848699763593381
LT,2016,0.2945914844649022
LT,2016,0.2823250296559905
LT,2016,0.2951388888888889
LT,2016,0.2825322391559203
LT,2016,0.30045871559633025
LT,2016,0.2729439809296782
LT,2016,0.2993119266055046
LT,2016,0.2732696897374702
LT,2016,0.3014789533560865
LT,2016,0.26913875598086123
LT,2016,0.3097643097643097
LT,2016,0.2585365853658537
LT,2016,0.3027932960893855
LT,2016,0.2570725707257073
LT,2016,0.3044943820224719
LT,2016,0.2540272614622057
LT,2016,0.3055242390078918
LT,2016,0.2527881040892193
LT,2016,0.3069977426636569
LT,2016,0.257985257985258
LT,2016,0.30385487528344673
LT,2016,0.25644171779141106
LT,2016,0.3089064261555806
LT,2016,0.2503113325031133
LT,2016,0.30690826727066817
LT,2016,0.2549504950495049
LT,2016,0.3101903695408735
LT,2016,0.2440251572327044
LT,2016,0.3043968432919955
LT,2016,0.25590062111801243
LT,2016,0.28768699654775604
LT,2016,0.256857855361596
LT,2016,0.2943871706758305
LT,2016,0.25875
LT,2016,0.29411764705882354
LT,2016,0.2578222778473092
LT,2016,0.29398148148148145
LT,2016,0.26184538653366585
LT,2016,0.2897196261682243
LT,2016,0.2605985037406484
SS,2016,0.2772511848341232
SS,2016,0.28368794326241137
SS,2016,0.3291855203619909
SS,2016,0.2759433962264151
SS,2016,0.28891509433962265
SS,2016,0.2773207990599295
SS,2016,0.2939110070257611
SS,2016,0.2680047225501771
SS,2016,0.2932862190812721
SS,2016,0.26913875598086123
SS,2016,0.3008130081300813
SS,2016,0.2727272727272727
SS,2016,0.2910360884749709
SS,2016,0.2725090036014406
SS,2016,0.2910360884749709
SS,2016,0.27014218009478674
SS,2016,0.2943262411347517
SS,2016,0.2640382317801673
SS,2016,0.2982248520710059
SS,2016,0.26207729468599034
SS,2016,0.3041958041958042
SS,2016,0.2706586826347305
SS,2016,0.3011764705882353
SS,2016,0.27164887307236063
SS,2016,0.3111888111888112
SS,2016,0.25961538461538464
SS,2016,0.3202764976958525
SS,2016,0.2593486127864897
SS,2016,0.3242009132420091
SS,2016,0.2605548854041013
SS,2016,0.31922196796338675
SS,2016,0.26435406698564595
SS,2016,0.3214695752009185
SS,2016,0.273696682464455
SS,2016,0.31257208765859285
SS,2016,0.27110582639714625
SS,2016,0.3145161290322581
SS,2016,0.2740213523131673
SS,2016,0.32151029748283755
SS,2016,0.275
SS,2016,0.3226544622425629
SS,2016,0.2785714285714286
SS,2016,0.32272727272727275
SS,2016,0.2818396226415094
SS,2016,0.3230240549828179
SS,2016,0.2822014051522248
SS,2016,0.32685714285714285
SS,2016,0.2794811320754717
SS,2016,0.32685714285714285
OB,2016,0.2857142857142857
OB,2016,0.28588516746411485
OB,2016,0.2979737783075089
OB,2016,0.2846975088967972
OB,2016,0.2882775119617225
OB,2016,0.2870699881376038
OB,2016,0.2894117647058824
OB,2016,0.29349112426035495
OB,2016,0.2850412249705536
OB,2016,0.29191090269636577
OB,2016,0.2809523809523809
OB,2016,0.2937720329024677
OB,2016,0.28487690504103164
OB,2016,0.2930832356389215
OB,2016,0.2887323943661972
OB,2016,0.29043683589138136
OB,2016,0.2865566037735849
OB,2016,0.29127358490566035
OB,2016,0.2888888888888889
OB,2016,0.2932862190812721
OB,2016,0.28672150411280845
OB,2016,0.2917647058823529
OB,2016,0.291421856639248
OB,2016,0.29107981220657275
OB,2016,0.2932862190812721
OB,2016,0.28896882494004794
OB,2016,0.29826589595375724
OB,2016,0.2853717026378897
OB,2016,0.3005780346820809
OB,2016,0.28331332533013204
OB,2016,0.3032407407407408
OB,2016,0.2845138055222089
OB,2016,0.2988372093023256
OB,2016,0.2870928829915561
OB,2016,0.30278422273781896
OB,2016,0.28674698795180725
OB,2016,0.3004640371229698
OB,2016,0.2903614457831325
OB,2016,0.29826589595375724
OB,2016,0.282950423216445
OB,2016,0.30414746543778803
OB,2016,0.27439024390243905
OB,2016,0.3127147766323024
OB,2016,0.27744270205066346
OB,2016,0.3076923076923077
OB,2016,0.2826347305389221
OB,2016,0.3028169014084507
OB,2016,0.28622754491017965
OB,2016,0.3018867924528302
LG,2017,0.3022432113341204
LG,2017,0.3007246376811594
LG,2017,0.2512254901960784
LG,2017,0.308584686774942
LG,2017,0.2962056303549572
LG,2017,0.3033448673587082
LG,2017,0.29259259259259257
LG,2017,0.29965556831228474
LG,2017,0.2919254658385093
LG,2017,0.3055555555555556
LG,2017,0.2921760391198044
LG,2017,0.3107019562715765
LG,2017,0.2915129151291513
LG,2017,0.3117782909930716
LG,2017,0.2907975460122699
LG,2017,0.30941176470588233
LG,2017,0.2924757281553398
LG,2017,0.3055229142185664
LG,2017,0.30288461538461536
LG,2017,0.3116279069767442
LG,2017,0.2962515114873035
LG,2017,0.31828703703703703
LG,2017,0.28728606356968217
LG,2017,0.30957943925233644
LG,2017,0.2860606060606061
LG,2017,0.30679156908665106
LG,2017,0.2886473429951691
LG,2017,0.3124274099883856
LG,2017,0.2803398058252427
LG,2017,0.31010452961672474
LG,2017,0.28151774785801714
LG,2017,0.3048065650644783
LG,2017,0.2773006134969325
LG,2017,0.3015312131919905
LG,2017,0.2778457772337821
LG,2017,0.2915173237753883
LG,2017,0.28363636363636363
LG,2017,0.28894173602853745
LG,2017,0.27923627684964203
LG,2017,0.28468899521531105
LG,2017,0.28199052132701424
LG,2017,0.2943262411347517
LG,2017,0.2737094837935174
LG,2017,0.29537366548042704
LG,2017,0.2698795180722892
LG,2017,0.2972651605231867
LG,2017,0.2644927536231884
LG,2017,0.29739336492890994
LG,2017,0.2600732600732601
HH,2017,0.29940828402366865
HH,2017,0.3
HH,2017,0.2914634146341463
HH,2017,0.30071599045346065
HH,2017,0.2991556091676719
HH,2017,0.2982248520710059
HH,2017,0.2984165651644336
HH,2017,0.3017751479289941
HH,2017,0.2902439024390244
HH,2017,0.3069657615112161
HH,2017,0.2890243902439024
HH,2017,0.3072360616844603
HH,2017,0.2857142857142857
HH,2017,0.3060498220640569
HH,2017,0.28343558282208586
HH,2017,0.31005917159763313
HH,2017,0.291970802919708
HH,2017,0.3172737955346651
HH,2017,0.2916666666666667
HH,2017,0.3161592505854801
HH,2017,0.29044117647058826
HH,2017,0.3154761904761905
HH,2017,0.2898550724637681
HH,2017,0.3113207547169811
HH,2017,0.29476248477466505
HH,2017,0.3133097762073027
HH,2017,0.2905982905982906
HH,2017,0.3063170441001192
HH,2017,0.2992788461538461
HH,2017,0.3091557669441142
HH,2017,0.29696969696969705
HH,2017,0.3128689492325856
HH,2017,0.2944038929440389
HH,2017,0.3023809523809524
HH,2017,0.2935444579780755
HH,2017,0.30023923444976075
HH,2017,0.29347826086956524
HH,2017,0.29347826086956524
HH,2017,0.2945454545454545
HH,2017,0.2965186074429772
HH,2017,0.2869352869352869
HH,2017,0.30154946364719903
HH,2017,0.28044280442804426
HH,2017,0.3004807692307692
HH,2017,0.28378378378378377
HH,2017,0.30492196878751504
HH,2017,0.2839657282741738
HH,2017,0.302158273381295
HH,2017,0.2940461725394897
NC,2017,0.3120567375886525
NC,2017,0.3028503562945368
NC,2017,0.2616707616707617
NC,2017,0.3151658767772512
NC,2017,0.30650887573964497
NC,2017,0.31560283687943264
NC,2017,0.3029585798816568
NC,2017,0.3175355450236967
NC,2017,0.3070588235294118
NC,2017,0.3135391923990499
NC,2017,0.3075117370892019
NC,2017,0.3164108618654073
NC,2017,0.3022432113341204
NC,2017,0.31116389548693585
NC,2017,0.30624263839811544
NC,2017,0.3143534994068802
NC,2017,0.3008323424494649
NC,2017,0.3151010701545779
NC,2017,0.3054245283018868
NC,2017,0.3146603098927294
NC,2017,0.2971360381861575
NC,2017,0.3069544364508393
NC,2017,0.29739336492890994
NC,2017,0.3068592057761733
NC,2017,0.2943980929678188
NC,2017,0.30612244897959184
NC,2017,0.2939068100358423
NC,2017,0.30969267139479906
NC,2017,0.2870928829915561
NC,2017,0.3109540636042403
NC,2017,0.2757352941176471
NC,2017,0.30742049469964666
NC,2017,0.2704714640198511
NC,2017,0.3083333333333333
NC,2017,0.2669126691266913
NC,2017,0.3063170441001192
NC,2017,0.2607626076260763
NC,2017,0.30870083432657924
NC,2017,0.2598522167487685
NC,2017,0.2995169082125604
NC,2017,0.2622549019607843
NC,2017,0.2990314769975787
NC,2017,0.2610294117647059
NC,2017,0.3072289156626506
NC,2017,0.25644171779141106
NC,2017,0.3036144578313253
NC,2017,0.2623152709359606
NC,2017,0.2985611510791367
NC,2017,0.2664233576642336
HT,2017,0.3269230769230769
HT,2017,0.3444564047362756
HT,2017,0.2924757281553398
HT,2017,0.3242630385487528
HT,2017,0.338411316648531
HT,2017,0.3318233295583239
HT,2017,0.3307860262008734
HT,2017,0.3411633109619687
HT,2017,0.31777777777777777
HT,2017,0.3408071748878924
HT,2017,0.3147942157953281
HT,2017,0.3418994413407821
HT,2017,0.3128491620111732
HT,2017,0.3511111111111111
HT,2017,0.3106904231625835
HT,2017,0.3565121412803532
HT,2017,0.30674157303370786
HT,2017,0.3578485181119649
HT,2017,0.30216647662485746
HT,2017,0.3580110497237569
HT,2017,0.3063063063063063
HT,2017,0.36135371179039294
HT,2017,0.3
HT,2017,0.3618421052631579
HT,2017,0.2951388888888889
HT,2017,0.3625410733844469
HT,2017,0.29205607476635514
HT,2017,0.3589462129527991
HT,2017,0.2888888888888889
HT,2017,0.3580786026200873
HT,2017,0.2841981132075472
HT,2017,0.3555798687089716
HT,2017,0.28250591016548465
HT,2017,0.35869565217391297
HT,2017,0.2747909199522103
HT,2017,0.3616557734204793
HT,2017,0.2673860911270983
HT,2017,0.3598691384950927
HT,2017,0.2777777777777778
HT,2017,0.3588621444201313
HT,2017,0.2818396226415094
HT,2017,0.3541666666666667
HT,2017,0.28080568720379145
HT,2017,0.34682713347921224
HT,2017,0.2805755395683453
HT,2017,0.3500545256270447
HT,2017,0.2803850782190133
HT,2017,0.34516129032258064
HT,2017,0.2878048780487805
SK,2017,0.2559300873907616
SK,2017,0.275946275946276
SK,2017,0.2792682926829269
SK,2017,0.2581047381546135
SK,2017,0.2689486552567237
SK,2017,0.2543859649122807
SK,2017,0.2705018359853121
SK,2017,0.2547051442910916
SK,2017,0.2678132678132678
SK,2017,0.25031446540880503
SK,2017,0.2657601977750309
SK,2017,0.2550251256281407
SK,2017,0.25870646766169153
SK,2017,0.2553191489361702
SK,2017,0.26335403726708073
SK,2017,0.26015228426395937
SK,2017,0.2582619339045288
SK,2017,0.26474278544542035
SK,2017,0.2576312576312576
SK,2017,0.2730673316708229
SK,2017,0.2521525215252153
SK,2017,0.2718204488778055
SK,2017,0.25644171779141106
SK,2017,0.27556109725685785
SK,2017,0.254320987654321
SK,2017,0.2764632627646326
SK,2017,0.2552404438964241
SK,2017,0.2812887236679058
SK,2017,0.25492610837438423
SK,2017,0.2771535580524345
SK,2017,0.2539877300613497
SK,2017,0.2812887236679058
SK,2017,0.25644171779141106
SK,2017,0.2738537794299876
SK,2017,0.2594859241126071
SK,2017,0.2730673316708229
SK,2017,0.2639902676399027
SK,2017,0.2714646464646465
SK,2017,0.2618757612667479
SK,2017,0.2681067344345616
SK,2017,0.26763990267639903
SK,2017,0.2742138364779874
SK,2017,0.27228915662650605
SK,2017,0.27329974811083124
SK,2017,0.27884615384615385
SK,2017,0.2698612862547289
SK,2017,0.2777777777777778
SK,2017,0.27722772277227725
SK,2017,0.2731707317073171
KT,2017,0.2753277711561383
KT,2017,0.26163522012578616
KT,2017,0.2921212121212121
KT,2017,0.2747909199522103
KT,2017,0.26932668329177056
KT,2017,0.27392344497607657
KT,2017,0.2726146220570013
KT,2017,0.2743467933491687
KT,2017,0.2759051186017478
KT,2017,0.2752075919335706
KT,2017,0.2756892230576441
KT,2017,0.2818396226415094
KT,2017,0.2708860759493671
KT,2017,0.27427184466019416
KT,2017,0.27530864197530863
KT,2017,0.26438188494492043
KT,2017,0.27990135635018504
KT,2017,0.25742574257425743
KT,2017,0.2874543239951279
KT,2017,0.25925925925925924
KT,2017,0.2822085889570552
KT,2017,0.2595797280593325
KT,2017,0.2914634146341463
KT,2017,0.263681592039801
KT,2017,0.28797083839611176
KT,2017,0.2726146220570013
KT,2017,0.2831105710814095
KT,2017,0.2704714640198511
KT,2017,0.27946537059538273
KT,2017,0.2711442786069652
KT,2017,0.28140096618357485
KT,2017,0.2711442786069652
KT,2017,0.281134401972873
KT,2017,0.2701363073110285
KT,2017,0.280940594059406
KT,2017,0.2648171500630517
KT,2017,0.2872727272727273
KT,2017,0.2663316582914573
KT,2017,0.2831105710814095
KT,2017,0.26262626262626265
KT,2017,0.2896969696969697
KT,2017,0.26229508196721313
KT,2017,0.29347826086956524
KT,2017,0.26229508196721313
KT,2017,0.2946859903381642
KT,2017,0.2531486146095718
KT,2017,0.2953995157384988
KT,2017,0.2572509457755359
KT,2017,0.2967430639324488
WO,2017,0.2984542211652794
WO,2017,0.2838164251207729
WO,2017,0.2921083627797409
WO,2017,0.2990430622009569
WO,2017,0.28622754491017965
WO,2017,0.2986857825567503
WO,2017,0.2962085308056872
WO,2017,0.29832935560859186
WO,2017,0.2984542211652794
WO,2017,0.3037825059101655
WO,2017,0.29397590361445786
WO,2017,0.3076009501187649
WO,2017,0.29523809523809524
WO,2017,0.3035714285714285
WO,2017,0.29334916864608074
WO,2017,0.3109540636042403
WO,2017,0.2841854934601665
WO,2017,0.3189252336448598
WO,2017,0.2745803357314149
WO,2017,0.3208868144690782
WO,2017,0.273164861612515
WO,2017,0.32004689331770225
WO,2017,0.2675544794188862
WO,2017,0.3156654888103652
WO,2017,0.26997578692493945
WO,2017,0.3116883116883117
WO,2017,0.2725060827250608
WO,2017,0.3168433451118963
WO,2017,0.27195121951219514
WO,2017,0.3215962441314554
WO,2017,0.2773722627737226
WO,2017,0.3113207547169811
WO,2017,0.2832929782082325
WO,2017,0.31116389548693585
WO,2017,0.28053204353083433
WO,2017,0.3160377358490566
WO,2017,0.27995255041518385
WO,2017,0.3132387706855792
WO,2017,0.2814726840855107
WO,2017,0.3016627078384798
WO,2017,0.28554502369668244
WO,2017,0.3023809523809524
WO,2017,0.2887323943661972
WO,2017,0.3007075471698113
WO,2017,0.29294117647058826
WO,2017,0.2895054282267793
WO,2017,0.294392523364486
WO,2017,0.2827669902912621
WO,2017,0.29473684210526313
LT,2017,0.27110582639714625
LT,2017,0.27705112960761
LT,2017,0.2867383512544803
LT,2017,0.27939464493597205
LT,2017,0.2652068126520681
LT,2017,0.2855504587155963
LT,2017,0.2537313432835821
LT,2017,0.2883295194508009
LT,2017,0.2567901234567901
LT,2017,0.2868663594470046
LT,2017,0.2540073982737361
LT,2017,0.28752886836027713
LT,2017,0.2594859241126071
LT,2017,0.2789351851851852
LT,2017,0.2618757612667479
LT,2017,0.2817551963048499
LT,2017,0.2652068126520681
LT,2017,0.281068524970964
LT,2017,0.2673992673992674
LT,2017,0.2847222222222222
LT,2017,0.27439024390243905
LT,2017,0.2888631090487239
LT,2017,0.27195121951219514
LT,2017,0.28487690504103164
LT,2017,0.2689987937273824
LT,2017,0.28205128205128205
LT,2017,0.27448609431680776
LT,2017,0.2810304449648712
LT,2017,0.2753623188405797
LT,2017,0.28738317757009346
LT,2017,0.2738238841978287
LT,2017,0.282172373081464
LT,2017,0.2734939759036145
LT,2017,0.28437132784958874
LT,2017,0.2759036144578313
LT,2017,0.2878612716763006
LT,2017,0.27557160048134777
LT,2017,0.28670520231213875
LT,2017,0.2727272727272727
LT,2017,0.2746478873239437
LT,2017,0.2779783393501805
LT,2017,0.27197149643705465
LT,2017,0.2816229116945108
LT,2017,0.2772511848341232
LT,2017,0.27923627684964203
LT,2017,0.2781065088757396
LT,2017,0.28554502369668244
LT,2017,0.27863046044864226
LT,2017,0.2822966507177033
SS,2017,0.2903225806451613
SS,2017,0.2665847665847666
SS,2017,0.3106575963718821
SS,2017,0.2902843601895735
SS,2017,0.27350427350427353
SS,2017,0.2925969447708578
SS,2017,0.2749391727493917
SS,2017,0.2900584795321637
SS,2017,0.27527405602923266
SS,2017,0.2818396226415094
SS,2017,0.2848557692307692
SS,2017,0.2783018867924528
SS,2017,0.2841726618705036
SS,2017,0.2763938315539739
SS,2017,0.2860548271752086
SS,2017,0.28331332533013204
SS,2017,0.28150765606595995
SS,2017,0.2742927429274293
SS,2017,0.2882147024504084
SS,2017,0.2774352651048089
SS,2017,0.28370457209847605
SS,2017,0.2792127921279213
SS,2017,0.2885514018691589
SS,2017,0.27552275522755226
SS,2017,0.2917647058823529
SS,2017,0.2788697788697789
SS,2017,0.2858823529411765
SS,2017,0.2816728167281673
SS,2017,0.28554641598119856
SS,2017,0.28044280442804426
SS,2017,0.2931633835457706
SS,2017,0.2883435582822086
SS,2017,0.2853828306264501
SS,2017,0.2896969696969697
SS,2017,0.286214953271028
SS,2017,0.2881562881562881
SS,2017,0.2908458864426419
SS,2017,0.2813267813267813
SS,2017,0.2933025404157044
SS,2017,0.2763636363636364
SS,2017,0.3024333719582851
SS,2017,0.2764423076923077
SS,2017,0.30303030303030304
SS,2017,0.27884615384615385
SS,2017,0.305909617612978
SS,2017,0.275820170109356
SS,2017,0.30424799081515497
SS,2017,0.2740560292326431
SS,2017,0.31022727272727274
OB,2017,0.29621125143513205
OB,2017,0.31802525832376577
OB,2017,0.2892459826946848
OB,2017,0.3024054982817869
OB,2017,0.3215909090909091
OB,2017,0.3017142857142857
OB,2017,0.3246311010215664
OB,2017,0.2983870967741936
OB,2017,0.31968145620022753
OB,2017,0.3006912442396313
OB,2017,0.3201357466063348
OB,2017,0.2948717948717949
OB,2017,0.3217097862767154
OB,2017,0.29849012775842043
OB,2017,0.319365798414496
OB,2017,0.2991850989522701
OB,2017,0.318233295583239
OB,2017,0.2989571263035921
OB,2017,0.319365798414496
OB,2017,0.3032407407407408
OB,2017,0.31662870159453305
OB,2017,0.3090277777777778
OB,2017,0.3104238258877434
OB,2017,0.3112659698025552
OB,2017,0.3084862385321101
OB,2017,0.3109048723897912
OB,2017,0.30724971231300346
OB,2017,0.3140877598152425
OB,2017,0.30662020905923343
OB,2017,0.3159117305458769
OB,2017,0.3033838973162194
OB,2017,0.32329084588644263
OB,2017,0.29953379953379955
OB,2017,0.31786542923433875
OB,2017,0.29691211401425177
OB,2017,0.3163383545770568
OB,2017,0.2979737783075089
OB,2017,0.3162193698949825
OB,2017,0.2958083832335329
OB,2017,0.3149236192714453
OB,2017,0.29820359281437125
OB,2017,0.30966239813736895
OB,2017,0.30218446601941745
OB,2017,0.3061699650756694
OB,2017,0.3052503052503053
OB,2017,0.3084982537834691
OB,2017,0.2993939393939394
OB,2017,0.3160322952710496
OB,2017,0.2927429274292743
LG,2018,0.3182359952324195
LG,2018,0.2895040369088812
LG,2018,0.30103806228373703
LG,2018,0.3138424821002387
LG,2018,0.2863741339491917
LG,2018,0.3098927294398093
LG,2018,0.28157589803012745
LG,2018,0.3131672597864769
LG,2018,0.2784222737819025
LG,2018,0.30917874396135264
LG,2018,0.2834285714285714
LG,2018,0.3174224343675417
LG,2018,0.2844141069397042
LG,2018,0.3055885850178359
LG,2018,0.290950744558992
LG,2018,0.30512514898688914
LG,2018,0.2901376146788991
LG,2018,0.2950423216444982
LG,2018,0.300794551645857
LG,2018,0.2890243902439024
LG,2018,0.3042986425339366
LG,2018,0.2932692307692308
LG,2018,0.3010262257696693
LG,2018,0.2961630695443645
LG,2018,0.2968036529680365
LG,2018,0.29191797346200243
LG,2018,0.2951191827468785
LG,2018,0.2831105710814095
LG,2018,0.2896237172177879
LG,2018,0.28896882494004794
LG,2018,0.2896551724137931
LG,2018,0.2918149466192171
LG,2018,0.2868757259001161
LG,2018,0.28656361474435194
LG,2018,0.28935185185185186
LG,2018,0.2850299401197605
LG,2018,0.2911392405063291
LG,2018,0.28331332533013204
LG,2018,0.2984054669703872
LG,2018,0.2909738717339668
LG,2018,0.29874572405929306
LG,2018,0.29515938606847697
LG,2018,0.3015873015873016
LG,2018,0.2984723854289072
LG,2018,0.2972665148063781
LG,2018,0.2967667436489607
LG,2018,0.2987312572087659
LG,2018,0.2986270022883295
LG,2018,0.2965116279069768
HH,2018,0.2684964200477327
HH,2018,0.2711864406779661
HH,2018,0.28691476590636256
HH,2018,0.2740213523131673
HH,2018,0.27141133896260555
HH,2018,0.2798110979929162
HH,2018,0.2712895377128954
HH,2018,0.2771804062126643
HH,2018,0.27690447400241835
HH,2018,0.2756563245823389
HH,2018,0.2824791418355185
HH,2018,0.27141133896260555
HH,2018,0.27870813397129185
HH,2018,0.27261761158021713
HH,2018,0.2818073721759809
HH,2018,0.26495726495726496
HH,2018,0.2840095465393795
HH,2018,0.2631578947368421
HH,2018,0.2831541218637993
HH,2018,0.2622549019607843
HH,2018,0.28843861740166865
HH,2018,0.2659313725490196
HH,2018,0.2909738717339668
HH,2018,0.2701711491442543
HH,2018,0.2855436081242533
HH,2018,0.2607626076260763
HH,2018,0.2916666666666667
HH,2018,0.2570725707257073
HH,2018,0.2965599051008304
HH,2018,0.25925925925925924
HH,2018,0.2975206611570248
HH,2018,0.26022304832713755
HH,2018,0.29537366548042704
HH,2018,0.26322263222632225
HH,2018,0.2934131736526946
HH,2018,0.2692778457772338
HH,2018,0.28862275449101804
HH,2018,0.2729498164014688
HH,2018,0.2822677925211098
HH,2018,0.2777777777777778
HH,2018,0.28361858190709044
HH,2018,0.28211284513805523
HH,2018,0.2813267813267813
HH,2018,0.2762364294330519
HH,2018,0.29447115384615385
HH,2018,0.28211284513805523
HH,2018,0.29256594724220625
HH,2018,0.2759036144578313
HH,2018,0.290516206482593
NC,2018,0.25753768844221103
NC,2018,0.25288831835686776
NC,2018,0.27630057803468205
NC,2018,0.2600502512562814
NC,2018,0.2528445006321112
NC,2018,0.2572509457755359
NC,2018,0.2630922693266833
NC,2018,0.2496831432192649
NC,2018,0.2640099626400996
NC,2018,0.2490518331226296
NC,2018,0.26
NC,2018,0.2572509457755359
NC,2018,0.2543640897755611
NC,2018,0.25505050505050497
NC,2018,0.2550251256281407
NC,2018,0.25569620253164554
NC,2018,0.25650557620817843
NC,2018,0.25602027883396705
NC,2018,0.25862068965517243
NC,2018,0.2545454545454545
NC,2018,0.26290516206482595
NC,2018,0.2612035851472471
NC,2018,0.2542579075425791
NC,2018,0.2538860103626943
NC,2018,0.26265060240963856
NC,2018,0.26153846153846155
NC,2018,0.26385542168674697
NC,2018,0.2574002574002574
NC,2018,0.2727272727272727
NC,2018,0.2585987261146497
NC,2018,0.27163461538461536
NC,2018,0.2595419847328244
NC,2018,0.2730538922155689
NC,2018,0.2633587786259542
NC,2018,0.273696682464455
NC,2018,0.2684478371501272
NC,2018,0.2727272727272727
NC,2018,0.26878980891719745
NC,2018,0.2719812426729191
NC,2018,0.2718078381795196
NC,2018,0.2775842044134727
NC,2018,0.26463104325699743
NC,2018,0.27925840092699883
NC,2018,0.2573623559539053
NC,2018,0.2780996523754345
NC,2018,0.25892857142857145
NC,2018,0.2693208430913349
NC,2018,0.2579821200510856
NC,2018,0.2703962703962704
HT,2018,0.2801461632155907
HT,2018,0.28674698795180725
HT,2018,0.3050647820965842
HT,2018,0.2787878787878788
HT,2018,0.2780487804878049
HT,2018,0.2803398058252427
HT,2018,0.2766217870257038
HT,2018,0.2773722627737226
HT,2018,0.2788697788697789
HT,2018,0.2726161369193154
HT,2018,0.2809815950920245
HT,2018,0.2778457772337821
HT,2018,0.2800982800982801
HT,2018,0.2790697674418605
HT,2018,0.2813267813267813
HT,2018,0.2776412776412777
HT,2018,0.2827417380660955
HT,2018,0.2858880778588808
HT,2018,0.2802937576499388
HT,2018,0.2862362971985384
HT,2018,0.2694684796044499
HT,2018,0.2777777777777778
HT,2018,0.286231884057971
HT,2018,0.2788697788697789
HT,2018,0.2982248520710059
HT,2018,0.2746305418719212
HT,2018,0.3083235638921454
HT,2018,0.2726146220570013
HT,2018,0.3053613053613053
HT,2018,0.2727272727272727
HT,2018,0.3099078341013825
HT,2018,0.2711442786069652
HT,2018,0.3100686498855835
HT,2018,0.27688504326328806
HT,2018,0.30619266055045874
HT,2018,0.28201970443349755
HT,2018,0.3048498845265589
HT,2018,0.2841328413284133
HT,2018,0.3026775320139697
HT,2018,0.28746928746928746
HT,2018,0.30303030303030304
HT,2018,0.2816728167281673
HT,2018,0.3023255813953488
HT,2018,0.2832722832722833
HT,2018,0.297423887587822
HT,2018,0.2827417380660955
HT,2018,0.3006993006993007
HT,2018,0.2879518072289157
HT,2018,0.3004694835680751
SK,2018,0.27818627450980393
SK,2018,0.2851851851851852
SK,2018,0.2833333333333333
SK,2018,0.27383863080684595
SK,2018,0.2920245398773006
SK,2018,0.2654320987654321
SK,2018,0.29304029304029305
SK,2018,0.2607052896725441
SK,2018,0.28797083839611176
SK,2018,0.2628930817610063
SK,2018,0.2973621103117506
SK,2018,0.2667509481668774
SK,2018,0.2932692307692308
SK,2018,0.2629582806573957
SK,2018,0.2920673076923077
SK,2018,0.2652552926525529
SK,2018,0.2995169082125604
SK,2018,0.26492537313432835
SK,2018,0.2991556091676719
SK,2018,0.2683229813664596
SK,2018,0.3001200480192077
SK,2018,0.26741293532338306
SK,2018,0.2958937198067633
SK,2018,0.2667493796526055
SK,2018,0.2987951807228916
SK,2018,0.2749691738594328
SK,2018,0.29232643118148605
SK,2018,0.2736318407960199
SK,2018,0.2966101694915254
SK,2018,0.2729528535980149
SK,2018,0.29647630619684084
SK,2018,0.27791563275434245
SK,2018,0.3005988023952096
SK,2018,0.2805933250927071
SK,2018,0.29411764705882354
SK,2018,0.27915632754342434
SK,2018,0.29221556886227545
SK,2018,0.2805933250927071
SK,2018,0.2966903073286052
SK,2018,0.2853628536285363
SK,2018,0.2896305125148987
SK,2018,0.2851851851851852
SK,2018,0.28331332533013204
SK,2018,0.2878048780487805
SK,2018,0.27884615384615385
SK,2018,0.29318734793187345
SK,2018,0.27817745803357313
SK,2018,0.2993939393939394
SK,2018,0.2701080432172869
KT,2018,0.2656058751529988
KT,2018,0.2826603325415677
KT,2018,0.2625
KT,2018,0.2561274509803921
KT,2018,0.2870928829915561
KT,2018,0.2555012224938875
KT,2018,0.2858880778588808
KT,2018,0.26181818181818184
KT,2018,0.2855392156862745
KT,2018,0.2609223300970874
KT,2018,0.2841463414634146
KT,2018,0.2472187886279357
KT,2018,0.2860635696821516
KT,2018,0.25154130702836003
KT,2018,0.2785276073619632
KT,2018,0.2518796992481203
KT,2018,0.2756952841596131
KT,2018,0.2578222778473092
KT,2018,0.2703030303030303
KT,2018,0.2558714462299135
KT,2018,0.27560975609756105
KT,2018,0.26049382716049385
KT,2018,0.2697044334975369
KT,2018,0.2659313725490196
KT,2018,0.25842696629213485
KT,2018,0.2685297691373025
KT,2018,0.26184538653366585
KT,2018,0.2754854368932039
KT,2018,0.2609238451935081
KT,2018,0.27195121951219514
KT,2018,0.26054590570719605
KT,2018,0.2777777777777778
KT,2018,0.26022304832713755
KT,2018,0.28072289156626506
KT,2018,0.2632880098887516
KT,2018,0.283175355450237
KT,2018,0.26163522012578616
KT,2018,0.28588516746411485
KT,2018,0.25879396984924624
KT,2018,0.2804295942720764
KT,2018,0.2579013906447535
KT,2018,0.2834928229665072
KT,2018,0.2544080604534005
KT,2018,0.2877526753864447
KT,2018,0.2578616352201258
KT,2018,0.2872340425531915
KT,2018,0.2640801001251564
KT,2018,0.2858837485172005
KT,2018,0.26097867001254704
WO,2018,0.2966396292004635
WO,2018,0.272093023255814
WO,2018,0.3348164627363737
WO,2018,0.2928821470245041
WO,2018,0.27304550758459745
WO,2018,0.29638273045507585
WO,2018,0.2703962703962704
WO,2018,0.29638273045507585
WO,2018,0.2734646581691773
WO,2018,0.2902097902097902
WO,2018,0.2747380675203725
WO,2018,0.2935034802784223
WO,2018,0.27017543859649124
WO,2018,0.2979214780600462
WO,2018,0.2658823529411765
WO,2018,0.29186046511627906
WO,2018,0.2635933806146572
WO,2018,0.28735632183908044
WO,2018,0.2658682634730539
WO,2018,0.2937142857142857
WO,2018,0.2617046818727491
WO,2018,0.2965909090909091
WO,2018,0.2644230769230769
WO,2018,0.28914285714285715
WO,2018,0.2683513838748496
WO,2018,0.2935153583617747
WO,2018,0.26867469879518074
WO,2018,0.28635851183765504
WO,2018,0.2781136638452237
WO,2018,0.2845804988662132
WO,2018,0.2899761336515513
WO,2018,0.28863636363636364
WO,2018,0.29515938606847697
WO,2018,0.2862068965517241
WO,2018,0.30565167243367936
WO,2018,0.2863741339491917
WO,2018,0.3132118451025057
WO,2018,0.2808857808857809
WO,2018,0.32429378531073444
WO,2018,0.2891705069124424
WO,2018,0.3261363636363636
WO,2018,0.28456221198156684
WO,2018,0.3359375
WO,2018,0.2827346465816918
WO,2018,0.3366778149386845
WO,2018,0.27925840092699883
WO,2018,0.3344519015659955
WO,2018,0.2733644859813084
WO,2018,0.3381535038932147
LT,2018,0.3054626532887402
LT,2018,0.2827346465816918
LT,2018,0.28128724672228844
LT,2018,0.30165745856353593
LT,2018,0.2928240740740741
LT,2018,0.3030973451327434
LT,2018,0.2921478060046189
LT,2018,0.3031624863685932
LT,2018,0.2872340425531915
LT,2018,0.3044906900328587
LT,2018,0.28080568720379145
LT,2018,0.298787210584344
LT,2018,0.29220023282887075
LT,2018,0.29490022172949004
LT,2018,0.2968568102444703
LT,2018,0.2933333333333333
LT,2018,0.29732868757259
LT,2018,0.2926829268292683
LT,2018,0.2968568102444703
LT,2018,0.2985571587125416
LT,2018,0.28554641598119856
LT,2018,0.2903225806451613
LT,2018,0.294392523364486
LT,2018,0.2925472747497219
LT,2018,0.2892271662763466
LT,2018,0.2887402452619844
LT,2018,0.2958236658932715
LT,2018,0.2866741321388578
LT,2018,0.2989571263035921
LT,2018,0.2897091722595078
LT,2018,0.2991850989522701
LT,2018,0.29642058165548096
LT,2018,0.2890716803760282
LT,2018,0.2943820224719101
LT,2018,0.29239766081871343
LT,2018,0.2847380410022779
LT,2018,0.2991850989522701
LT,2018,0.2803203661327231
LT,2018,0.3008130081300813
LT,2018,0.2768166089965398
LT,2018,0.294392523364486
LT,2018,0.2777777777777778
LT,2018,0.2902097902097902
LT,2018,0.2659698025551684
LT,2018,0.2917647058823529
LT,2018,0.2732558139534884
LT,2018,0.2892561983471074
LT,2018,0.2842227378190255
LT,2018,0.285207100591716
SS,2018,0.28343558282208586
SS,2018,0.2895981087470449
SS,2018,0.29156908665105385
SS,2018,0.2783251231527093
SS,2018,0.2927400468384075
SS,2018,0.2685643564356436
SS,2018,0.29508196721311475
SS,2018,0.273955773955774
SS,2018,0.29107981220657275
SS,2018,0.27539779681762544
SS,2018,0.3022988505747126
SS,2018,0.27932285368802895
SS,2018,0.3006993006993007
SS,2018,0.2845036319612591
SS,2018,0.3
SS,2018,0.28331332533013204
SS,2018,0.30114942528735633
SS,2018,0.2822966507177033
SS,2018,0.2957422324510932
SS,2018,0.2853745541022592
SS,2018,0.2966396292004635
SS,2018,0.2807646356033453
SS,2018,0.2997685185185185
SS,2018,0.2836710369487485
SS,2018,0.2986111111111111
SS,2018,0.2833530106257379
SS,2018,0.3098265895953757
SS,2018,0.2830188679245283
SS,2018,0.3033838973162194
SS,2018,0.282172373081464
SS,2018,0.30671296296296297
SS,2018,0.289906103286385
SS,2018,0.3034883720930233
SS,2018,0.2939110070257611
SS,2018,0.2988372093023256
SS,2018,0.29245283018867924
SS,2018,0.2988372093023256
SS,2018,0.294811320754717
SS,2018,0.29779837775202783
SS,2018,0.29369797859690844
SS,2018,0.2972027972027972
SS,2018,0.2948870392390012
SS,2018,0.29245283018867924
SS,2018,0.3005917159763314
SS,2018,0.28975265017667845
SS,2018,0.29916567342073896
SS,2018,0.2930832356389215
SS,2018,0.2925089179548157
SS,2018,0.29127358490566035
OB,2018,0.3234597156398104
OB,2018,0.32733408323959506
OB,2018,0.31014150943396224
OB,2018,0.3345070422535211
OB,2018,0.3251121076233184
OB,2018,0.3395348837209302
OB,2018,0.32432432432432434
OB,2018,0.33642691415313225
OB,2018,0.32349602724177073
OB,2018,0.3310104529616725
OB,2018,0.32690124858115777
OB,2018,0.32906976744186045
OB,2018,0.333710407239819
OB,2018,0.3283410138248848
OB,2018,0.3344788087056128
OB,2018,0.328719723183391
OB,2018,0.3283582089552239
OB,2018,0.3298368298368298
OB,2018,0.32410611303344866
OB,2018,0.3310104529616725
OB,2018,0.3205128205128205
OB,2018,0.33640552995391704
OB,2018,0.3089622641509434
OB,2018,0.3391003460207612
OB,2018,0.30957943925233644
OB,2018,0.33906071019473083
OB,2018,0.3079625292740047
OB,2018,0.3367579908675799
OB,2018,0.3146198830409357
OB,2018,0.3424036281179138
OB,2018,0.3159117305458769
OB,2018,0.34121621621621623
OB,2018,0.3170731707317073
OB,2018,0.33631284916201115
OB,2018,0.3130841121495327
OB,2018,0.3366890380313199
OB,2018,0.3146853146853147
OB,2018,0.3340909090909091
OB,2018,0.30974477958236657
OB,2018,0.33519553072625696
OB,2018,0.3129411764705882
OB,2018,0.3439911797133407
OB,2018,0.3014354066985646
OB,2018,0.34509371554575524
OB,2018,0.30419161676646705
OB,2018,0.33964365256124723
OB,2018,0.3055885850178359
OB,2018,0.3351893095768374
OB,2018,0.3005988023952096
LG,2019,0.2860576923076923
LG,2019,0.2522068095838588
LG,2019,0.254278728606357
LG,2019,0.2860548271752086
LG,2019,0.2430025445292621
LG,2019,0.2875894988066825
LG,2019,0.24714828897338406
LG,2019,0.2800480769230769
LG,2019,0.2461928934010152
LG,2019,0.2855436081242533
LG,2019,0.2413793103448276
LG,2019,0.29136690647482016
LG,2019,0.23954372623574144
LG,2019,0.2899761336515513
LG,2019,0.23243933588761176
LG,2019,0.2874251497005988
LG,2019,0.2318471337579618
LG,2019,0.2920143027413588
LG,2019,0.2256020278833967
LG,2019,0.2824519230769231
LG,2019,0.2327044025157233
LG,2019,0.28211284513805523
LG,2019,0.23329129886506936
LG,2019,0.2800480769230769
LG,2019,0.2323232323232323
LG,2019,0.2749391727493917
LG,2019,0.23869346733668345
LG,2019,0.26904176904176896
LG,2019,0.2399497487437186
LG,2019,0.2608695652173913
LG,2019,0.2453066332916145
LG,2019,0.26492537313432835
LG,2019,0.23869346733668345
LG,2019,0.26448362720403024
LG,2019,0.24
LG,2019,0.26037735849056604
LG,2019,0.2496894409937888
LG,2019,0.2562814070351759
LG,2019,0.246558197747184
LG,2019,0.2606516290726817
LG,2019,0.2468827930174564
LG,2019,0.2572145545796738
LG,2019,0.25
LG,2019,0.2575
LG,2019,0.25552825552825553
LG,2019,0.25031446540880503
LG,2019,0.2594859241126071
LG,2019,0.25653798256537985
LG,2019,0.25584255842558423
HH,2019,0.2919254658385093
HH,2019,0.2607626076260763
HH,2019,0.2862190812720848
HH,2019,0.2955665024630542
HH,2019,0.2592137592137592
HH,2019,0.2874845105328377
HH,2019,0.2607626076260763
HH,2019,0.2768079800498753
HH,2019,0.2686202686202686
HH,2019,0.2630241423125794
HH,2019,0.26763990267639903
HH,2019,0.2601010101010101
HH,2019,0.2634146341463415
HH,2019,0.25818639798488663
HH,2019,0.2694174757281553
HH,2019,0.26474278544542035
HH,2019,0.2693236714975845
HH,2019,0.2660891089108911
HH,2019,0.26951219512195124
HH,2019,0.2683229813664596
HH,2019,0.27350427350427353
HH,2019,0.2708074534161491
HH,2019,0.2768292682926829
HH,2019,0.26533166458072593
HH,2019,0.2803398058252427
HH,2019,0.2630922693266833
HH,2019,0.2826086956521739
HH,2019,0.26270136307311026
HH,2019,0.2775757575757576
HH,2019,0.26438188494492043
HH,2019,0.28068043742405835
HH,2019,0.2621951219512195
HH,2019,0.275946275946276
HH,2019,0.25943970767356883
HH,2019,0.27539779681762544
HH,2019,0.2634146341463415
HH,2019,0.2766990291262136
HH,2019,0.26545454545454544
HH,2019,0.2773722627737226
HH,2019,0.2689987937273824
HH,2019,0.2656058751529988
HH,2019,0.2621359223300971
HH,2019,0.2725090036014406
HH,2019,0.2645631067961165
HH,2019,0.2727272727272727
HH,2019,0.2633495145631068
HH,2019,0.2763938315539739
HH,2019,0.2612942612942613
HH,2019,0.2787663107947805
NC,2019,0.2496815286624204
NC,2019,0.3174971031286211
NC,2019,0.2757352941176471
NC,2019,0.2413350449293967
NC,2019,0.3210161662817552
NC,2019,0.24518613607188705
NC,2019,0.3190255220417633
NC,2019,0.2423076923076923
NC,2019,0.3194444444444444
NC,2019,0.2452350698856417
NC,2019,0.31917336394948337
NC,2019,0.25625
NC,2019,0.3174418604651163
NC,2019,0.2556390977443609
NC,2019,0.31664726426076834
NC,2019,0.26650062266500624
NC,2019,0.31010452961672474
NC,2019,0.2696078431372549
NC,2019,0.3104651162790697
NC,2019,0.2656058751529988
NC,2019,0.31213872832369943
NC,2019,0.2686202686202686
NC,2019,0.3109826589595376
NC,2019,0.2815884476534296
NC,2019,0.3009367681498829
NC,2019,0.2824519230769231
NC,2019,0.3048065650644783
NC,2019,0.2809523809523809
NC,2019,0.3068720379146919
NC,2019,0.2835112692763938
NC,2019,0.3049645390070922
NC,2019,0.2860520094562648
NC,2019,0.3057851239669421
NC,2019,0.2926540284360189
NC,2019,0.3056872037914692
NC,2019,0.29577464788732394
NC,2019,0.3014354066985646
NC,2019,0.30058479532163745
NC,2019,0.28797083839611176
NC,2019,0.3065268065268065
NC,2019,0.2884848484848485
NC,2019,0.31170336037079954
NC,2019,0.284325637910085
NC,2019,0.3142523364485981
NC,2019,0.2839951865222624
NC,2019,0.3131548311990687
NC,2019,0.28313253012048195
NC,2019,0.3202312138728324
NC,2019,0.2763636363636364
HT,2019,0.2746987951807229
HT,2019,0.2651331719128329
HT,2019,0.2654320987654321
HT,2019,0.2724014336917563
HT,2019,0.26545454545454544
HT,2019,0.2747909199522103
HT,2019,0.2618757612667479
HT,2019,0.2674698795180723
HT,2019,0.2734939759036145
HT,2019,0.27956989247311825
HT,2019,0.26666666666666666
HT,2019,0.2783751493428913
HT,2019,0.2625152625152625
HT,2019,0.2833333333333333
HT,2019,0.2697448359659781
HT,2019,0.2845238095238095
HT,2019,0.2646341463414634
HT,2019,0.281437125748503
HT,2019,0.2678787878787879
HT,2019,0.2841726618705036
HT,2019,0.26658624849215923
HT,2019,0.281437125748503
HT,2019,0.2660996354799514
HT,2019,0.27184466019417475
HT,2019,0.2730582524271845
HT,2019,0.2739393939393939
HT,2019,0.27427184466019416
HT,2019,0.2739393939393939
HT,2019,0.2701711491442543
HT,2019,0.27657004830917875
HT,2019,0.2689486552567237
HT,2019,0.2789034564958284
HT,2019,0.27216748768472904
HT,2019,0.27923627684964203
HT,2019,0.2761557177615572
HT,2019,0.27524038461538464
HT,2019,0.2737226277372263
HT,2019,0.273164861612515
HT,2019,0.2730582524271845
HT,2019,0.2663438256658596
HT,2019,0.27448609431680776
HT,2019,0.26658624849215923
HT,2019,0.2637362637362637
HT,2019,0.2683513838748496
HT,2019,0.26715686274509803
HT,2019,0.2641737032569361
HT,2019,0.2701711491442543
HT,2019,0.2608695652173913
HT,2019,0.2679012345679012
SK,2019,0.2378516624040921
SK,2019,0.27560975609756105
SK,2019,0.2628930817610063
SK,2019,0.2461928934010152
SK,2019,0.2705018359853121
SK,2019,0.2496815286624204
SK,2019,0.2701711491442543
SK,2019,0.24904701397712836
SK,2019,0.2656058751529988
SK,2019,0.2506361323155216
SK,2019,0.2638036809815951
SK,2019,0.24743589743589745
SK,2019,0.2643118148599269
SK,2019,0.2522292993630573
SK,2019,0.2619339045287637
SK,2019,0.2490421455938697
SK,2019,0.26495726495726496
SK,2019,0.2554002541296061
SK,2019,0.2570725707257073
SK,2019,0.25667090216010163
SK,2019,0.25703794369645044
SK,2019,0.2663316582914573
SK,2019,0.2437810945273632
SK,2019,0.2701005025125628
SK,2019,0.24133663366336636
SK,2019,0.275
SK,2019,0.24662576687116566
SK,2019,0.2795969773299748
SK,2019,0.2496954933008526
SK,2019,0.2776381909547739
SK,2019,0.25273390036452004
SK,2019,0.2731829573934837
SK,2019,0.2524390243902439
SK,2019,0.26956521739130435
SK,2019,0.25682382133995035
SK,2019,0.2697044334975369
SK,2019,0.2565707133917397
SK,2019,0.2663316582914573
SK,2019,0.25404732254047324
SK,2019,0.27547169811320754
SK,2019,0.2484394506866417
SK,2019,0.27701863354037265
SK,2019,0.2546816479400749
SK,2019,0.2643391521197008
SK,2019,0.2645962732919255
SK,2019,0.2652552926525529
SK,2019,0.2685643564356436
SK,2019,0.2694684796044499
SK,2019,0.265
KT,2019,0.24261083743842365
KT,2019,0.26153846153846155
KT,2019,0.2689987937273824
KT,2019,0.2447466007416564
KT,2019,0.2570332480818414
KT,2019,0.24444444444444444
KT,2019,0.251604621309371
KT,2019,0.24625
KT,2019,0.2537878787878788
KT,2019,0.2433795712484237
KT,2019,0.2562814070351759
KT,2019,0.2449748743718593
KT,2019,0.25818639798488663
KT,2019,0.2452591656131479
KT,2019,0.2537688442211055
KT,2019,0.24968632371392724
KT,2019,0.25753768844221103
KT,2019,0.25094102885821834
KT,2019,0.24713375796178344
KT,2019,0.2433795712484237
KT,2019,0.25879396984924624
KT,2019,0.2367088607594937
KT,2019,0.26348808030112925
KT,2019,0.2348484848484849
KT,2019,0.26650062266500624
KT,2019,0.2361111111111111
KT,2019,0.2698019801980198
KT,2019,0.23329129886506936
KT,2019,0.2683229813664596
KT,2019,0.22490470139771285
KT,2019,0.26865671641791045
KT,2019,0.22998729351969505
KT,2019,0.26583850931677017
KT,2019,0.2312579415501906
KT,2019,0.26741293532338306
KT,2019,0.24025157232704406
KT,2019,0.2606516290726817
KT,2019,0.24344569288389514
KT,2019,0.26163522012578616
KT,2019,0.2452350698856417
KT,2019,0.265
KT,2019,0.2487309644670051
KT,2019,0.2638190954773869
KT,2019,0.2471190781049936
KT,2019,0.26625
KT,2019,0.2490322580645161
KT,2019,0.2664188351920694
KT,2019,0.2573623559539053
KT,2019,0.26438188494492043
WO,2019,0.2765196662693683
WO,2019,0.27453271028037385
WO,2019,0.29294117647058826
WO,2019,0.2794292508917955
WO,2019,0.27674418604651163
WO,2019,0.27392344497607657
WO,2019,0.27526132404181186
WO,2019,0.27380952380952384
WO,2019,0.2711267605633803
WO,2019,0.2763938315539739
WO,2019,0.28055878928987193
WO,2019,0.2773809523809524
WO,2019,0.28157589803012745
WO,2019,0.27163461538461536
WO,2019,0.2840646651270208
WO,2019,0.2724014336917563
WO,2019,0.286536248561565
WO,2019,0.27208480565371024
WO,2019,0.2783018867924528
WO,2019,0.27453271028037385
WO,2019,0.26881720430107525
WO,2019,0.2750582750582751
WO,2019,0.2682634730538922
WO,2019,0.277262180974478
WO,2019,0.2729439809296782
WO,2019,0.2771362586605081
WO,2019,0.2668269230769231
WO,2019,0.2797687861271677
WO,2019,0.2605548854041013
WO,2019,0.2779700115340254
WO,2019,0.265625
WO,2019,0.2771362586605081
WO,2019,0.2765957446808511
WO,2019,0.27835051546391754
WO,2019,0.2763938315539739
WO,2019,0.2803203661327231
WO,2019,0.28368794326241137
WO,2019,0.2796317606444189
WO,2019,0.2907385697538101
WO,2019,0.2850627137970353
WO,2019,0.2802850356294537
WO,2019,0.2839080459770115
WO,2019,0.2830188679245283
WO,2019,0.2838933951332561
WO,2019,0.2857142857142857
WO,2019,0.28456221198156684
WO,2019,0.283175355450237
WO,2019,0.28157589803012745
WO,2019,0.2845336481700118
LT,2019,0.2648514851485149
LT,2019,0.2689486552567237
LT,2019,0.28728606356968217
LT,2019,0.26666666666666666
LT,2019,0.27472527472527475
LT,2019,0.2660098522167488
LT,2019,0.27350427350427353
LT,2019,0.26119402985074625
LT,2019,0.28174123337363965
LT,2019,0.2620519159456119
LT,2019,0.2761557177615572
LT,2019,0.26552984165651644
LT,2019,0.275990099009901
LT,2019,0.2677925211097708
LT,2019,0.2865928659286593
LT,2019,0.2675544794188862
LT,2019,0.2841463414634146
LT,2019,0.26674786845310594
LT,2019,0.28519417475728154
LT,2019,0.2725060827250608
LT,2019,0.2796610169491525
LT,2019,0.2782503037667072
LT,2019,0.27649208282582216
LT,2019,0.2762836185819071
LT,2019,0.2798053527980535
LT,2019,0.27586206896551724
LT,2019,0.2824242424242424
LT,2019,0.275776397515528
LT,2019,0.28622754491017965
LT,2019,0.27472527472527475
LT,2019,0.2904009720534629
LT,2019,0.27460510328068044
LT,2019,0.2895377128953771
LT,2019,0.2656058751529988
LT,2019,0.28728606356968217
LT,2019,0.2607099143206854
LT,2019,0.2940461725394897
LT,2019,0.2540073982737361
LT,2019,0.30023923444976075
LT,2019,0.2468982630272953
LT,2019,0.30595238095238103
LT,2019,0.25030826140567203
LT,2019,0.3046594982078853
LT,2019,0.2576312576312576
LT,2019,0.2944038929440389
LT,2019,0.25857843137254904
LT,2019,0.29476248477466505
LT,2019,0.2622549019607843
LT,2019,0.29095354523227385
SS,2019,0.2693236714975845
SS,2019,0.2795969773299748
SS,2019,0.2388250319284802
SS,2019,0.26811594202898553
SS,2019,0.2814070351758794
SS,2019,0.2690909090909091
SS,2019,0.2779874213836478
SS,2019,0.2630937880633374
SS,2019,0.2795031055900621
SS,2019,0.2646341463414634
SS,2019,0.2782608695652174
SS,2019,0.2588522588522589
SS,2019,0.2798507462686567
SS,2019,0.2677925211097708
SS,2019,0.2721598002496879
SS,2019,0.2690909090909091
SS,2019,0.2723880597014925
SS,2019,0.27141133896260555
SS,2019,0.27556109725685785
SS,2019,0.27524038461538464
SS,2019,0.27478042659974905
SS,2019,0.2660217654171705
SS,2019,0.28
SS,2019,0.2664233576642336
SS,2019,0.2841191066997519
SS,2019,0.2753623188405797
SS,2019,0.2770780856423174
SS,2019,0.2784503631961259
SS,2019,0.2781954887218045
SS,2019,0.2806372549019608
SS,2019,0.27375
SS,2019,0.27552275522755226
SS,2019,0.2719298245614035
SS,2019,0.27586206896551724
SS,2019,0.27547169811320754
SS,2019,0.26533166458072593
SS,2019,0.2702020202020202
SS,2019,0.2641509433962264
SS,2019,0.26262626262626265
SS,2019,0.26169405815423513
SS,2019,0.2635561160151324
SS,2019,0.2656449553001277
SS,2019,0.2645962732919255
SS,2019,0.2691326530612245
SS,2019,0.2574626865671642
SS,2019,0.26982097186700765
SS,2019,0.24719101123595505
SS,2019,0.2759493670886076
SS,2019,0.24430379746835446
OB,2019,0.2512019230769231
OB,2019,0.27184466019417475
OB,2019,0.2578222778473092
OB,2019,0.252720677146312
OB,2019,0.2690909090909091
OB,2019,0.25304136253041365
OB,2019,0.27261761158021713
OB,2019,0.2606060606060606
OB,2019,0.2609756097560976
OB,2019,0.25458996328029376
OB,2019,0.2630937880633374
OB,2019,0.25245098039215685
OB,2019,0.2612942612942613
OB,2019,0.2573170731707317
OB,2019,0.2524630541871921
OB,2019,0.2648125755743652
OB,2019,0.24094881398252185
OB,2019,0.2657766990291262
OB,2019,0.2437810945273632
OB,2019,0.2625152625152625
OB,2019,0.2484548825710754
OB,2019,0.265281173594132
OB,2019,0.2475247524752475
OB,2019,0.2664233576642336
OB,2019,0.2428748451053284
OB,2019,0.2690909090909091
OB,2019,0.2412935323383085
OB,2019,0.2694174757281553
OB,2019,0.2381546134663341
OB,2019,0.2721749696233293
OB,2019,0.2435105067985167
OB,2019,0.2767749699157641
OB,2019,0.23625
OB,2019,0.2761557177615572
OB,2019,0.24347826086956526
OB,2019,0.2800480769230769
OB,2019,0.24625
OB,2019,0.2763636363636364
OB,2019,0.2534332084893883
OB,2019,0.2832722832722833
OB,2019,0.2521957340025094
OB,2019,0.28536585365853656
OB,2019,0.24937965260545905
OB,2019,0.2869352869352869
OB,2019,0.253416149068323
OB,2019,0.2817073170731707
OB,2019,0.25406758448060074
OB,2019,0.2773722627737226
OB,2019,0.2568922305764411
